Nb images:,15
Size:,320
posX,Image 1,,,,Image 2,,,,Image 3,,,,Image 4,,,,Image 5,,,,Image 6,,,,Image 7,,,,Image 8,,,,Image 9,,,,Image 10,,,,Image 11,,,,Image 12,,,,Image 13,,,,Image 14,,,,Image 15,,,,
,Pattern,Red,Green,Blue,Pattern,Red,Green,Blue,Pattern,Red,Green,Blue,Pattern,Red,Green,Blue,Pattern,Red,Green,Blue,Pattern,Red,Green,Blue,Pattern,Red,Green,Blue,Pattern,Red,Green,Blue,Pattern,Red,Green,Blue,Pattern,Red,Green,Blue,Pattern,Red,Green,Blue,Pattern,Red,Green,Blue,Pattern,Red,Green,Blue,Pattern,Red,Green,Blue,Pattern,Red,Green,Blue,
0,12336,6,1,16,514,0,16,2,65535,31,63,31,12593,6,9,17,38036,18,36,20,2056,1,0,8,14906,7,17,26,6168,3,0,24,4112,2,0,16,16962,8,18,2,6168,3,0,24,16705,8,10,1,54998,26,54,22,0,0,0,0,8481,4,9,1,
1,41634,20,21,2,1285,0,40,5,49087,23,61,31,18504,9,2,8,46003,22,29,19,33410,16,20,2,51914,25,22,10,33410,16,20,2,41634,20,21,2,2827,1,24,11,41891,20,29,3,34438,16,52,6,56540,27,38,28,0,0,0,0,1028,0,32,4,
2,12336,6,1,16,2570,1,16,10,65535,31,63,31,12593,6,9,17,40092,19,36,28,4112,2,0,16,14906,7,17,26,6168,3,0,24,4112,2,0,16,16962,8,18,2,4112,2,0,16,16705,8,10,1,57311,27,62,31,0,0,0,0,8481,4,9,1,
3,41634,20,21,2,1542,0,48,6,57311,27,62,31,18504,9,2,8,62451,30,31,19,49858,24,22,2,43433,21,13,9,33410,16,20,2,41634,20,21,2,19275,9,26,11,41634,20,21,2,42662,20,53,6,7453,3,40,29,0,0,0,0,1028,0,32,4,
4,14392,7,1,24,2313,1,8,9,65535,31,63,31,12593,6,9,17,38036,18,36,20,4112,2,0,16,14906,7,17,26,6168,3,0,24,4112,2,0,16,12850,6,17,18,6168,3,0,24,16705,8,10,1,57311,27,62,31,0,0,0,0,8481,4,9,1,
5,41891,20,29,3,59110,28,55,6,57311,27,62,31,18504,9,2,8,54227,26,30,19,41634,20,21,2,43433,21,13,9,41634,20,21,2,41634,20,21,2,11051,5,25,11,41634,20,21,2,42919,20,61,7,7453,3,40,29,8224,4,1,0,1028,0,32,4,
6,14392,7,1,24,2570,1,16,10,65535,31,63,31,14649,7,9,25,38036,18,36,20,4112,2,0,16,14906,7,17,26,6168,3,0,24,4112,2,0,16,12850,6,17,18,6168,3,0,24,16705,8,10,1,57311,27,62,31,0,0,0,0,8481,4,9,1,
7,41891,20,29,3,1542,0,48,6,65535,31,63,31,26985,13,11,9,62451,30,31,19,33410,16,20,2,51657,25,14,9,33410,16,20,2,33410,16,20,2,2827,1,24,11,50115,24,30,3,42919,20,61,7,15677,7,41,29,8224,4,1,0,1028,0,32,4,
8,12336,6,1,16,4626,2,16,18,65535,31,63,31,12593,6,9,17,40349,19,44,29,4112,2,0,16,16962,8,18,2,6168,3,0,24,4112,2,0,16,12850,6,17,18,4112,2,0,16,14649,7,9,25,57311,27,62,31,0,0,0,0,8481,4,9,1,
9,41891,20,29,3,1542,0,48,6,65535,31,63,31,26985,13,11,9,5140,2,32,20,33410,16,20,2,43433,21,13,9,41634,20,21,2,33410,16,20,2,2827,1,24,11,41634,20,21,2,51143,24,62,7,15677,7,41,29,8224,4,1,0,9252,4,33,4,
10,14392,7,1,24,4369,2,8,17,65535,31,63,31,12593,6,9,17,40092,19,36,28,4112,2,0,16,14906,7,17,26,6168,3,0,24,4112,2,0,16,12593,6,9,17,4112,2,0,16,14649,7,9,25,59367,28,63,7,0,0,0,0,10537,5,9,9,
11,50115,24,30,3,59110,28,55,6,65535,31,63,31,26728,13,3,8,62708,30,39,20,33410,16,20,2,35209,17,12,9,41634,20,21,2,41634,20,21,2,52171,25,30,11,33410,16,20,2,51143,24,62,7,15677,7,41,29,8224,4,1,0,9252,4,33,4,
12,14392,7,1,24,4626,2,16,18,65535,31,63,31,14649,7,9,25,40092,19,36,28,2056,1,0,8,14906,7,17,26,6168,3,0,24,6168,3,0,24,12593,6,9,17,6168,3,0,24,16705,8,10,1,61423,29,63,15,0,0,0,0,10537,5,9,9,
13,41891,20,29,3,1542,0,48,6,65535,31,63,31,26728,13,3,8,62451,30,31,19,33410,16,20,2,34952,17,4,8,41377,20,13,1,41634,20,21,2,60138,29,23,10,33667,16,28,3,51143,24,62,7,15677,7,41,29,8224,4,1,0,9252,4,33,4,
14,14392,7,1,24,4369,2,8,17,65535,31,63,31,14649,7,9,25,40349,19,44,29,4112,2,0,16,19018,9,18,10,6168,3,0,24,4112,2,0,16,12593,6,9,17,8224,4,1,0,16705,8,10,1,61423,29,63,15,0,0,0,0,10537,5,9,9,
15,50115,24,30,3,59110,28,55,6,65535,31,63,31,35209,17,12,9,5140,2,32,20,33410,16,20,2,35209,17,12,9,41634,20,21,2,33410,16,20,2,59624,29,7,8,41891,20,29,3,51143,24,62,7,32382,15,51,30,8224,4,1,0,9252,4,33,4,
16,14392,7,1,24,6425,3,8,25,65535,31,63,31,14649,7,9,25,40092,19,36,28,4112,2,0,16,16962,8,18,2,4112,2,0,16,6168,3,0,24,12593,6,9,17,4112,2,0,16,16705,8,10,1,61423,29,63,15,0,0,0,0,10537,5,9,9,
17,41634,20,21,2,59110,28,55,6,65535,31,63,31,26985,13,11,9,62708,30,39,20,33410,16,20,2,18504,9,2,8,41634,20,21,2,33410,16,20,2,51657,25,14,9,41634,20,21,2,51143,24,62,7,32382,15,51,30,8224,4,1,0,9252,4,33,4,
18,14392,7,1,24,4369,2,8,17,65535,31,63,31,14649,7,9,25,40092,19,36,28,4112,2,0,16,16962,8,18,2,4112,2,0,16,6168,3,0,24,14649,7,9,25,4112,2,0,16,16705,8,10,1,61423,29,63,15,0,0,0,0,10537,5,9,9,
19,41634,20,21,2,59110,28,55,6,65535,31,63,31,26985,13,11,9,62451,30,31,19,33410,16,20,2,10280,5,1,8,41377,20,13,1,33410,16,20,2,43690,21,21,10,41891,20,29,3,51143,24,62,7,32382,15,51,30,16448,8,2,0,9252,4,33,4,
20,14392,7,1,24,4369,2,8,17,65535,31,63,31,14649,7,9,25,40092,19,36,28,4112,2,0,16,16962,8,18,2,4112,2,0,16,6168,3,0,24,12593,6,9,17,6168,3,0,24,16705,8,10,1,61423,29,63,15,0,0,0,0,10537,5,9,9,
21,41891,20,29,3,59110,28,55,6,65535,31,63,31,26728,13,3,8,62708,30,39,20,33153,16,12,1,2056,1,0,8,41634,20,21,2,33410,16,20,2,43690,21,21,10,50115,24,30,3,51143,24,62,7,32382,15,51,30,24672,12,3,0,9252,4,33,4,
22,14392,7,1,24,6425,3,8,25,65535,31,63,31,14649,7,9,25,40092,19,36,28,4112,2,0,16,16962,8,18,2,4112,2,0,16,6168,3,0,24,12593,6,9,17,6168,3,0,24,16705,8,10,1,63479,30,63,23,0,0,0,0,10537,5,9,9,
23,41891,20,29,3,59110,28,55,6,65535,31,63,31,35209,17,12,9,62708,30,39,20,33153,16,12,1,18504,9,2,8,41634,20,21,2,33153,16,12,1,51914,25,22,10,41891,20,29,3,51143,24,62,7,40606,19,52,30,24672,12,3,0,9252,4,33,4,
24,14392,7,1,24,4369,2,8,17,65535,31,63,31,14649,7,9,25,40092,19,36,28,4112,2,0,16,16962,8,18,2,4112,2,0,16,6168,3,0,24,10537,5,9,9,6168,3,0,24,16705,8,10,1,63479,30,63,23,0,0,0,0,10537,5,9,9,
25,41891,20,29,3,50629,24,46,5,65535,31,63,31,35209,17,12,9,62708,30,39,20,41634,20,21,2,10280,5,1,8,33410,16,20,2,41377,20,13,1,43433,21,13,9,41891,20,29,3,51143,24,62,7,40606,19,52,30,24672,12,3,0,9252,4,33,4,
26,14392,7,1,24,4369,2,8,17,65535,31,63,31,16705,8,10,1,40092,19,36,28,4112,2,0,16,16962,8,18,2,4112,2,0,16,6168,3,0,24,10537,5,9,9,6168,3,0,24,18761,9,10,9,63479,30,63,23,0,0,0,0,10537,5,9,9,
27,41891,20,29,3,58853,28,47,5,65535,31,63,31,35209,17,12,9,62708,30,39,20,33410,16,20,2,10280,5,1,8,33410,16,20,2,41377,20,13,1,43176,21,5,8,50115,24,30,3,59624,29,7,8,40606,19,52,30,16448,8,2,0,17476,8,34,4,
28,14392,7,1,24,4626,2,16,18,65535,31,63,31,14649,7,9,25,40092,19,36,28,4112,2,0,16,16962,8,18,2,4112,2,0,16,6168,3,0,24,10537,5,9,9,6168,3,0,24,18761,9,10,9,63479,30,63,23,0,0,0,0,10537,5,9,9,
29,33667,16,28,3,1285,0,40,5,65535,31,63,31,43690,21,21,10,62708,30,39,20,41634,20,21,2,10023,4,57,7,41634,20,21,2,33153,16,12,1,26471,12,59,7,41891,20,29,3,51143,24,62,7,49087,23,61,31,24672,12,3,0,9252,4,33,4,
30,14392,7,1,24,4369,2,8,17,65535,31,63,31,16705,8,10,1,40092,19,36,28,4112,2,0,16,14906,7,17,26,4112,2,0,16,6168,3,0,24,8481,4,9,1,6168,3,0,24,18761,9,10,9,65535,31,63,31,0,0,0,0,10537,5,9,9,
31,41891,20,29,3,50629,24,46,5,65535,31,63,31,35466,17,20,10,62708,30,39,20,41634,20,21,2,1542,0,48,6,33410,16,20,2,33410,16,20,2,26471,12,59,7,41891,20,29,3,59367,28,63,7,57311,27,62,31,16448,8,2,0,17476,8,34,4,
32,16448,8,2,0,4369,2,8,17,65535,31,63,31,16705,8,10,1,40092,19,36,28,4112,2,0,16,14906,7,17,26,4112,2,0,16,6168,3,0,24,10537,5,9,9,6168,3,0,24,18761,9,10,9,65535,31,63,31,0,0,0,0,10537,5,9,9,
33,33667,16,28,3,59110,28,55,6,65535,31,63,31,35466,17,20,10,62708,30,39,20,41634,20,21,2,1799,0,56,7,33410,16,20,2,41377,20,13,1,18247,8,58,7,41891,20,29,3,51143,24,62,7,57311,27,62,31,16448,8,2,0,25700,12,35,4,
34,16448,8,2,0,6425,3,8,25,65535,31,63,31,18761,9,10,9,40092,19,36,28,2056,1,0,8,14906,7,17,26,4112,2,0,16,8224,4,1,0,8481,4,9,1,6168,3,0,24,16705,8,10,1,65535,31,63,31,0,0,0,0,10537,5,9,9,
35,33667,16,28,3,50886,24,54,6,65535,31,63,31,35466,17,20,10,62708,30,39,20,41634,20,21,2,2056,1,0,8,25186,12,19,2,41634,20,21,2,26471,12,59,7,41891,20,29,3,59367,28,63,7,57311,27,62,31,16448,8,2,0,17733,8,42,5,
36,16448,8,2,0,8481,4,9,1,65535,31,63,31,18761,9,10,9,40092,19,36,28,4112,2,0,16,14906,7,17,26,4112,2,0,16,6168,3,0,24,6425,3,8,25,6168,3,0,24,18761,9,10,9,65535,31,63,31,0,0,0,0,8481,4,9,1,
37,33667,16,28,3,50629,24,46,5,65535,31,63,31,43947,21,29,11,62451,30,31,19,41634,20,21,2,1799,0,56,7,33410,16,20,2,41634,20,21,2,17990,8,50,6,41891,20,29,3,59367,28,63,7,57311,27,62,31,16448,8,2,0,9252,4,33,4,
38,14392,7,1,24,6425,3,8,25,65535,31,63,31,18761,9,10,9,40092,19,36,28,2056,1,0,8,12593,6,9,17,4112,2,0,16,8224,4,1,0,6425,3,8,25,6168,3,0,24,16705,8,10,1,65535,31,63,31,0,0,0,0,10537,5,9,9,
39,41891,20,29,3,50629,24,46,5,65535,31,63,31,35723,17,28,11,54227,26,30,19,49858,24,22,2,50886,24,54,6,33410,16,20,2,41634,20,21,2,9509,4,41,5,41891,20,29,3,59367,28,63,7,57311,27,62,31,16448,8,2,0,17476,8,34,4,
40,14392,7,1,24,6425,3,8,25,65535,31,63,31,16705,8,10,1,40092,19,36,28,2056,1,0,8,12593,6,9,17,4112,2,0,16,6168,3,0,24,6425,3,8,25,6168,3,0,24,16705,8,10,1,65535,31,63,31,0,0,0,0,10537,5,9,9,
41,41891,20,29,3,42405,20,45,5,65535,31,63,31,43690,21,21,10,54227,26,30,19,49858,24,22,2,59110,28,55,6,33410,16,20,2,41634,20,21,2,1285,0,40,5,41891,20,29,3,59367,28,63,7,65535,31,63,31,24672,12,3,0,17476,8,34,4,
42,14392,7,1,24,8481,4,9,1,65535,31,63,31,18761,9,10,9,38036,18,36,20,4112,2,0,16,12593,6,9,17,4112,2,0,16,6168,3,0,24,8224,4,1,0,6168,3,0,24,16705,8,10,1,65535,31,63,31,0,0,0,0,10537,5,9,9,
43,41634,20,21,2,50629,24,46,5,65535,31,63,31,43690,21,21,10,46003,22,29,19,41634,20,21,2,50886,24,54,6,25186,12,19,2,41634,20,21,2,59110,28,55,6,50115,24,30,3,59624,29,7,8,65535,31,63,31,24672,12,3,0,17733,8,42,5,
44,14392,7,1,24,6425,3,8,25,65535,31,63,31,18761,9,10,9,38036,18,36,20,4112,2,0,16,12593,6,9,17,4112,2,0,16,6168,3,0,24,6168,3,0,24,6168,3,0,24,16705,8,10,1,65535,31,63,31,0,0,0,0,10537,5,9,9,
45,41891,20,29,3,42405,20,45,5,65535,31,63,31,43690,21,21,10,45746,22,21,18,33410,16,20,2,42662,20,53,6,33410,16,20,2,50115,24,30,3,58596,28,39,4,50115,24,30,3,59624,29,7,8,65535,31,63,31,24672,12,3,0,17476,8,34,4,
46,12336,6,1,16,6425,3,8,25,65535,31,63,31,18761,9,10,9,38036,18,36,20,4112,2,0,16,10537,5,9,9,4112,2,0,16,6168,3,0,24,6168,3,0,24,6168,3,0,24,18761,9,10,9,65535,31,63,31,0,0,0,0,12593,6,9,17,
47,49858,24,22,2,50629,24,46,5,65535,31,63,31,51914,25,22,10,46003,22,29,19,33410,16,20,2,25957,12,43,5,33410,16,20,2,49858,24,22,2,58339,28,31,3,50372,24,38,4,59624,29,7,8,65535,31,63,31,24672,12,3,0,9252,4,33,4,
48,14392,7,1,24,8481,4,9,1,65535,31,63,31,18761,9,10,9,38036,18,36,20,4112,2,0,16,10537,5,9,9,4112,2,0,16,6168,3,0,24,8224,4,1,0,6168,3,0,24,18761,9,10,9,65535,31,63,31,0,0,0,0,12593,6,9,17,
49,49858,24,22,2,50629,24,46,5,65535,31,63,31,52171,25,30,11,37522,18,20,18,33410,16,20,2,25957,12,43,5,33410,16,20,2,49858,24,22,2,50372,24,38,4,42148,20,37,4,59624,29,7,8,65535,31,63,31,24672,12,3,0,17476,8,34,4,
50,14392,7,1,24,6425,3,8,25,65535,31,63,31,18761,9,10,9,38036,18,36,20,4112,2,0,16,10537,5,9,9,4112,2,0,16,6168,3,0,24,6168,3,0,24,6168,3,0,24,18761,9,10,9,65535,31,63,31,0,0,0,0,12593,6,9,17,
51,41634,20,21,2,42405,20,45,5,65535,31,63,31,43690,21,21,10,37779,18,28,19,41634,20,21,2,25957,12,43,5,33410,16,20,2,49858,24,22,2,50372,24,38,4,42148,20,37,4,59624,29,7,8,65535,31,63,31,32896,16,4,0,17733,8,42,5,
52,14392,7,1,24,8481,4,9,1,65535,31,63,31,20817,10,10,17,38036,18,36,20,4112,2,0,16,10537,5,9,9,4112,2,0,16,6168,3,0,24,6168,3,0,24,8224,4,1,0,16962,8,18,2,65535,31,63,31,0,0,0,0,12593,6,9,17,
53,41634,20,21,2,50886,24,54,6,65535,31,63,31,60395,29,31,11,29298,14,19,18,41634,20,21,2,17733,8,42,5,33410,16,20,2,58339,28,31,3,41891,20,29,3,42148,20,37,4,2056,1,0,8,65535,31,63,31,24672,12,3,0,17476,8,34,4,
54,14392,7,1,24,8481,4,9,1,65535,31,63,31,20817,10,10,17,35980,17,36,12,4112,2,0,16,8481,4,9,1,4112,2,0,16,6168,3,0,24,6168,3,0,24,6168,3,0,24,19018,9,18,10,65535,31,63,31,0,0,0,0,12593,6,9,17,
55,33667,16,28,3,42405,20,45,5,65535,31,63,31,52171,25,30,11,20817,10,10,17,41634,20,21,2,17476,8,34,4,33410,16,20,2,50115,24,30,3,41891,20,29,3,50115,24,30,3,10280,5,1,8,65535,31,63,31,24672,12,3,0,17733,8,42,5,
56,16448,8,2,0,10537,5,9,9,65535,31,63,31,22873,11,10,25,35980,17,36,12,4112,2,0,16,8481,4,9,1,4112,2,0,16,8224,4,1,0,6168,3,0,24,6168,3,0,24,19018,9,18,10,65535,31,63,31,0,0,0,0,14649,7,9,25,
57,41891,20,29,3,42405,20,45,5,65535,31,63,31,52171,25,30,11,20817,10,10,17,33410,16,20,2,9252,4,33,4,33410,16,20,2,49858,24,22,2,33667,16,28,3,41891,20,29,3,1799,0,56,7,65535,31,63,31,24672,12,3,0,17733,8,42,5,
58,16448,8,2,0,8481,4,9,1,65535,31,63,31,22873,11,10,25,38036,18,36,20,4112,2,0,16,8481,4,9,1,4112,2,0,16,6168,3,0,24,6168,3,0,24,8224,4,1,0,21074,10,18,18,65535,31,63,31,0,0,0,0,12593,6,9,17,
59,42148,20,37,4,42405,20,45,5,65535,31,63,31,52171,25,30,11,29298,14,19,18,41634,20,21,2,9252,4,33,4,33410,16,20,2,49858,24,22,2,41891,20,29,3,50115,24,30,3,2056,1,0,8,65535,31,63,31,32896,16,4,0,17733,8,42,5,
60,14392,7,1,24,8481,4,9,1,65535,31,63,31,20817,10,10,17,35980,17,36,12,4112,2,0,16,8481,4,9,1,4112,2,0,16,6168,3,0,24,6168,3,0,24,8224,4,1,0,19018,9,18,10,65535,31,63,31,0,0,0,0,12593,6,9,17,
61,41891,20,29,3,42405,20,45,5,65535,31,63,31,60395,29,31,11,4369,2,8,17,41634,20,21,2,9252,4,33,4,33410,16,20,2,58339,28,31,3,50115,24,30,3,41891,20,29,3,2056,1,0,8,65535,31,63,31,32896,16,4,0,17733,8,42,5,
62,14392,7,1,24,8481,4,9,1,65535,31,63,31,20817,10,10,17,35980,17,36,12,4112,2,0,16,8481,4,9,1,4112,2,0,16,6168,3,0,24,4112,2,0,16,8224,4,1,0,20817,10,10,17,65535,31,63,31,0,0,0,0,12593,6,9,17,
63,41891,20,29,3,42405,20,45,5,65535,31,63,31,60395,29,31,11,4112,2,0,16,41634,20,21,2,1028,0,32,4,24929,12,11,1,50115,24,30,3,33410,16,20,2,41891,20,29,3,59624,29,7,8,65535,31,63,31,32896,16,4,0,17733,8,42,5,
64,12336,6,1,16,10537,5,9,9,65535,31,63,31,20817,10,10,17,33667,16,28,3,4112,2,0,16,6425,3,8,25,4112,2,0,16,6168,3,0,24,6168,3,0,24,8224,4,1,0,20817,10,10,17,65535,31,63,31,0,0,0,0,10537,5,9,9,
65,41891,20,29,3,34181,16,44,5,65535,31,63,31,60395,29,31,11,53456,26,6,16,41634,20,21,2,1028,0,32,4,33153,16,12,1,58339,28,31,3,33410,16,20,2,41891,20,29,3,59624,29,7,8,65535,31,63,31,32896,16,4,0,17476,8,34,4,
66,12336,6,1,16,10537,5,9,9,65535,31,63,31,20817,10,10,17,33667,16,28,3,4112,2,0,16,8481,4,9,1,6168,3,0,24,8224,4,1,0,6168,3,0,24,8224,4,1,0,20817,10,10,17,65535,31,63,31,0,0,0,0,12593,6,9,17,
67,50115,24,30,3,34181,16,44,5,65535,31,63,31,60395,29,31,11,61680,30,7,16,33410,16,20,2,1028,0,32,4,33410,16,20,2,41891,20,29,3,41377,20,13,1,50115,24,30,3,59624,29,7,8,65535,31,63,31,32896,16,4,0,17733,8,42,5,
68,12336,6,1,16,10537,5,9,9,65535,31,63,31,21074,10,18,18,33924,16,36,4,4112,2,0,16,6425,3,8,25,6168,3,0,24,8224,4,1,0,6168,3,0,24,8224,4,1,0,20817,10,10,17,65535,31,63,31,0,0,0,0,12593,6,9,17,
69,50115,24,30,3,25957,12,43,5,65535,31,63,31,2827,1,24,11,4112,2,0,16,33410,16,20,2,1028,0,32,4,33410,16,20,2,41634,20,21,2,41634,20,21,2,50115,24,30,3,59624,29,7,8,65535,31,63,31,32896,16,4,0,17476,8,34,4,
70,12336,6,1,16,10537,5,9,9,65535,31,63,31,20817,10,10,17,33667,16,28,3,4112,2,0,16,6425,3,8,25,4112,2,0,16,8224,4,1,0,6168,3,0,24,8224,4,1,0,20817,10,10,17,65535,31,63,31,0,0,0,0,10537,5,9,9,
71,41891,20,29,3,34181,16,44,5,65535,31,63,31,60395,29,31,11,53199,25,62,15,33153,16,12,1,1028,0,32,4,41634,20,21,2,41891,20,29,3,41634,20,21,2,50115,24,30,3,59624,29,7,8,65535,31,63,31,24929,12,11,1,17733,8,42,5,
72,14392,7,1,24,10537,5,9,9,65535,31,63,31,20817,10,10,17,33667,16,28,3,4112,2,0,16,8481,4,9,1,4112,2,0,16,8224,4,1,0,6168,3,0,24,8224,4,1,0,18761,9,10,9,65535,31,63,31,0,0,0,0,10537,5,9,9,
73,50115,24,30,3,34438,16,52,6,65535,31,63,31,60395,29,31,11,44975,21,61,15,41634,20,21,2,17733,8,42,5,41634,20,21,2,49858,24,22,2,41634,20,21,2,41891,20,29,3,59624,29,7,8,65535,31,63,31,32896,16,4,0,17476,8,34,4,
74,14392,7,1,24,12593,6,9,17,65535,31,63,31,20817,10,10,17,33667,16,28,3,4112,2,0,16,10537,5,9,9,4112,2,0,16,8224,4,1,0,6168,3,0,24,8224,4,1,0,21074,10,18,18,65535,31,63,31,0,0,0,0,10537,5,9,9,
75,50115,24,30,3,34438,16,52,6,65535,31,63,31,60395,29,31,11,44975,21,61,15,41634,20,21,2,34438,16,52,6,41634,20,21,2,58082,28,23,2,41634,20,21,2,42148,20,37,4,2056,1,0,8,65535,31,63,31,32896,16,4,0,25957,12,43,5,
76,12336,6,1,16,12593,6,9,17,65535,31,63,31,20817,10,10,17,31611,15,27,27,4112,2,0,16,10537,5,9,9,4112,2,0,16,6168,3,0,24,6168,3,0,24,6168,3,0,24,19018,9,18,10,65535,31,63,31,0,0,0,0,10537,5,9,9,
77,49858,24,22,2,25957,12,43,5,65535,31,63,31,60395,29,31,11,44718,21,53,14,41634,20,21,2,25957,12,43,5,41634,20,21,2,49858,24,22,2,41634,20,21,2,50115,24,30,3,2056,1,0,8,65535,31,63,31,41120,20,5,0,9252,4,33,4,
78,14392,7,1,24,12593,6,9,17,65535,31,63,31,23130,11,18,26,31611,15,27,27,4112,2,0,16,10537,5,9,9,4112,2,0,16,6168,3,0,24,4112,2,0,16,6168,3,0,24,19018,9,18,10,65535,31,63,31,0,0,0,0,8481,4,9,1,
79,50115,24,30,3,25957,12,43,5,65535,31,63,31,3084,1,32,12,28270,13,51,14,41634,20,21,2,17733,8,42,5,49858,24,22,2,49858,24,22,2,33410,16,20,2,50115,24,30,3,10280,5,1,8,65535,31,63,31,32896,16,4,0,9252,4,33,4,
80,12336,6,1,16,12593,6,9,17,65535,31,63,31,20817,10,10,17,31611,15,27,27,4112,2,0,16,10537,5,9,9,4112,2,0,16,6168,3,0,24,4112,2,0,16,6168,3,0,24,19018,9,18,10,65535,31,63,31,0,0,0,0,8224,4,1,0,
81,50115,24,30,3,25957,12,43,5,65535,31,63,31,60395,29,31,11,36494,17,52,14,33153,16,12,1,17733,8,42,5,49858,24,22,2,49858,24,22,2,41634,20,21,2,50115,24,30,3,10280,5,1,8,65535,31,63,31,41377,20,13,1,58339,28,31,3,
82,14392,7,1,24,12593,6,9,17,65535,31,63,31,21074,10,18,18,31611,15,27,27,4112,2,0,16,12593,6,9,17,4112,2,0,16,6168,3,0,24,4112,2,0,16,6168,3,0,24,19018,9,18,10,65535,31,63,31,0,0,0,0,8224,4,1,0,
83,58339,28,31,3,25957,12,43,5,65535,31,63,31,2827,1,24,11,28270,13,51,14,41634,20,21,2,51143,24,62,7,49858,24,22,2,50115,24,30,3,41634,20,21,2,50372,24,38,4,10280,5,1,8,65535,31,63,31,33153,16,12,1,50115,24,30,3,
84,12336,6,1,16,12593,6,9,17,65535,31,63,31,19018,9,18,10,31611,15,27,27,4112,2,0,16,12593,6,9,17,6168,3,0,24,6168,3,0,24,4112,2,0,16,6168,3,0,24,21074,10,18,18,65535,31,63,31,0,0,0,0,8224,4,1,0,
85,50115,24,30,3,25957,12,43,5,65535,31,63,31,2827,1,24,11,28270,13,51,14,41634,20,21,2,59367,28,63,7,50115,24,30,3,49858,24,22,2,41634,20,21,2,50372,24,38,4,2313,1,8,9,65535,31,63,31,33153,16,12,1,50372,24,38,4,
86,12336,6,1,16,12593,6,9,17,65535,31,63,31,19018,9,18,10,31611,15,27,27,4112,2,0,16,10537,5,9,9,4112,2,0,16,6168,3,0,24,4112,2,0,16,6168,3,0,24,21074,10,18,18,65535,31,63,31,0,0,0,0,8224,4,1,0,
87,50115,24,30,3,25957,12,43,5,65535,31,63,31,2827,1,24,11,28270,13,51,14,41634,20,21,2,42662,20,53,6,41634,20,21,2,50115,24,30,3,33153,16,12,1,58339,28,31,3,2313,1,8,9,65535,31,63,31,41377,20,13,1,58339,28,31,3,
88,14392,7,1,24,10537,5,9,9,65535,31,63,31,20817,10,10,17,31611,15,27,27,4112,2,0,16,14649,7,9,25,6168,3,0,24,4112,2,0,16,6168,3,0,24,6168,3,0,24,21074,10,18,18,65535,31,63,31,0,0,0,0,8224,4,1,0,
89,58596,28,39,4,25957,12,43,5,65535,31,63,31,60395,29,31,11,19789,9,42,13,41634,20,21,2,51143,24,62,7,50115,24,30,3,41634,20,21,2,41634,20,21,2,58339,28,31,3,2313,1,8,9,65535,31,63,31,41377,20,13,1,50115,24,30,3,
90,12336,6,1,16,10537,5,9,9,65535,31,63,31,19018,9,18,10,29555,14,27,19,4112,2,0,16,14649,7,9,25,4112,2,0,16,4112,2,0,16,6168,3,0,24,6168,3,0,24,21074,10,18,18,65535,31,63,31,0,0,0,0,8224,4,1,0,
91,58596,28,39,4,25957,12,43,5,65535,31,63,31,2827,1,24,11,19789,9,42,13,33410,16,20,2,59367,28,63,7,41891,20,29,3,41634,20,21,2,33410,16,20,2,58339,28,31,3,2313,1,8,9,65535,31,63,31,41377,20,13,1,50115,24,30,3,
92,12336,6,1,16,12593,6,9,17,65535,31,63,31,19018,9,18,10,29555,14,27,19,4112,2,0,16,14906,7,17,26,4112,2,0,16,4112,2,0,16,6168,3,0,24,6168,3,0,24,21074,10,18,18,65535,31,63,31,0,0,0,0,8224,4,1,0,
93,58596,28,39,4,26214,12,51,6,65535,31,63,31,2827,1,24,11,28013,13,43,13,41634,20,21,2,2056,1,0,8,41634,20,21,2,41634,20,21,2,33410,16,20,2,58339,28,31,3,2313,1,8,9,65535,31,63,31,49601,24,14,1,50115,24,30,3,
94,12336,6,1,16,12593,6,9,17,65535,31,63,31,21074,10,18,18,31611,15,27,27,4112,2,0,16,16962,8,18,2,4112,2,0,16,4112,2,0,16,6168,3,0,24,8224,4,1,0,21074,10,18,18,65535,31,63,31,0,0,0,0,8224,4,1,0,
95,58596,28,39,4,17990,8,50,6,65535,31,63,31,2827,1,24,11,19789,9,42,13,41634,20,21,2,10280,5,1,8,41634,20,21,2,33410,16,20,2,33410,16,20,2,50372,24,38,4,10537,5,9,9,65535,31,63,31,49601,24,14,1,58339,28,31,3,
96,14392,7,1,24,12593,6,9,17,65535,31,63,31,20817,10,10,17,31611,15,27,27,4112,2,0,16,16962,8,18,2,4112,2,0,16,4112,2,0,16,6168,3,0,24,8224,4,1,0,23130,11,18,26,65535,31,63,31,0,0,0,0,8224,4,1,0,
97,50372,24,38,4,17990,8,50,6,65535,31,63,31,60395,29,31,11,11565,5,41,13,41634,20,21,2,10280,5,1,8,41634,20,21,2,41634,20,21,2,41634,20,21,2,50372,24,38,4,2313,1,8,9,65535,31,63,31,41377,20,13,1,58339,28,31,3,
98,12336,6,1,16,12593,6,9,17,65535,31,63,31,21074,10,18,18,31611,15,27,27,4112,2,0,16,14906,7,17,26,4112,2,0,16,2056,1,0,8,6168,3,0,24,8224,4,1,0,23130,11,18,26,65535,31,63,31,0,0,0,0,8224,4,1,0,
99,58596,28,39,4,9509,4,41,5,65535,31,63,31,3084,1,32,12,11565,5,41,13,41634,20,21,2,2313,1,8,9,50115,24,30,3,33410,16,20,2,41377,20,13,1,50372,24,38,4,2313,1,8,9,65535,31,63,31,49601,24,14,1,58339,28,31,3,
100,14392,7,1,24,12593,6,9,17,65535,31,63,31,18761,9,10,9,29555,14,27,19,4112,2,0,16,14906,7,17,26,2056,1,0,8,2056,1,0,8,6168,3,0,24,8224,4,1,0,23130,11,18,26,65535,31,63,31,0,0,0,0,8224,4,1,0,
101,58596,28,39,4,9509,4,41,5,65535,31,63,31,60395,29,31,11,11308,5,33,12,41634,20,21,2,10537,5,9,9,50115,24,30,3,24929,12,11,1,41634,20,21,2,50372,24,38,4,2313,1,8,9,65535,31,63,31,58082,28,23,2,58339,28,31,3,
102,12336,6,1,16,12593,6,9,17,65535,31,63,31,19018,9,18,10,31611,15,27,27,4112,2,0,16,14906,7,17,26,2056,1,0,8,2056,1,0,8,6168,3,0,24,8224,4,1,0,20817,10,10,17,65535,31,63,31,0,0,0,0,8224,4,1,0,
103,58596,28,39,4,17733,8,42,5,65535,31,63,31,2827,1,24,11,11308,5,33,12,41634,20,21,2,2056,1,0,8,41634,20,21,2,16705,8,10,1,41634,20,21,2,58339,28,31,3,59881,29,15,9,65535,31,63,31,57825,28,15,1,58339,28,31,3,
104,12336,6,1,16,14649,7,9,25,65535,31,63,31,19018,9,18,10,31354,15,19,26,4112,2,0,16,14906,7,17,26,4112,2,0,16,2056,1,0,8,6168,3,0,24,8224,4,1,0,23130,11,18,26,65535,31,63,31,2056,1,0,8,8481,4,9,1,
105,58596,28,39,4,9509,4,41,5,65535,31,63,31,2827,1,24,11,52428,25,38,12,41634,20,21,2,2056,1,0,8,50115,24,30,3,16705,8,10,1,41634,20,21,2,58596,28,39,4,10794,5,17,10,65535,31,63,31,58082,28,23,2,771,0,24,3,
106,12336,6,1,16,14649,7,9,25,65535,31,63,31,19018,9,18,10,31354,15,19,26,4112,2,0,16,14906,7,17,26,4112,2,0,16,2056,1,0,8,6168,3,0,24,8224,4,1,0,23130,11,18,26,65535,31,63,31,2313,1,8,9,8481,4,9,1,
107,58596,28,39,4,9509,4,41,5,65535,31,63,31,2827,1,24,11,52428,25,38,12,41634,20,21,2,2056,1,0,8,41634,20,21,2,8224,4,1,0,49858,24,22,2,58596,28,39,4,2570,1,16,10,65535,31,63,31,17219,8,26,3,1028,0,32,4,
108,12336,6,1,16,14649,7,9,25,65535,31,63,31,19018,9,18,10,31354,15,19,26,4112,2,0,16,14906,7,17,26,4112,2,0,16,2056,1,0,8,6168,3,0,24,8224,4,1,0,23130,11,18,26,65535,31,63,31,4369,2,8,17,8224,4,1,0,
109,58596,28,39,4,9509,4,41,5,65535,31,63,31,2827,1,24,11,44204,21,37,12,41634,20,21,2,10280,5,1,8,50115,24,30,3,16705,8,10,1,50115,24,30,3,58596,28,39,4,2313,1,8,9,65535,31,63,31,17476,8,34,4,58339,28,31,3,
110,14392,7,1,24,14649,7,9,25,65535,31,63,31,19018,9,18,10,31354,15,19,26,4112,2,0,16,14906,7,17,26,4112,2,0,16,0,0,0,0,6168,3,0,24,8224,4,1,0,23130,11,18,26,65535,31,63,31,6425,3,8,25,10280,5,1,8,
111,58596,28,39,4,1028,0,32,4,65535,31,63,31,2827,1,24,11,44204,21,37,12,33410,16,20,2,10280,5,1,8,41891,20,29,3,8224,4,1,0,50115,24,30,3,58596,28,39,4,2313,1,8,9,65535,31,63,31,34438,16,52,6,58596,28,39,4,
112,14649,7,9,25,12593,6,9,17,65535,31,63,31,19018,9,18,10,29298,14,19,18,4112,2,0,16,12850,6,17,18,6168,3,0,24,2056,1,0,8,6168,3,0,24,8224,4,1,0,23130,11,18,26,65535,31,63,31,4369,2,8,17,8224,4,1,0,
113,1028,0,32,4,9509,4,41,5,65535,31,63,31,2827,1,24,11,43947,21,29,11,41634,20,21,2,10537,5,9,9,41891,20,29,3,16705,8,10,1,50115,24,30,3,50372,24,38,4,10537,5,9,9,65535,31,63,31,34181,16,44,5,50115,24,30,3,
114,12593,6,9,17,14649,7,9,25,65535,31,63,31,18761,9,10,9,31354,15,19,26,4112,2,0,16,12850,6,17,18,4112,2,0,16,0,0,0,0,6168,3,0,24,6168,3,0,24,21074,10,18,18,65535,31,63,31,4626,2,16,18,8481,4,9,1,
115,1028,0,32,4,1285,0,40,5,65535,31,63,31,60395,29,31,11,35723,17,28,11,33410,16,20,2,18761,9,10,9,41891,20,29,3,8224,4,1,0,50115,24,30,3,50372,24,38,4,18761,9,10,9,65535,31,63,31,9766,4,49,6,1028,0,32,4,
116,14649,7,9,25,14649,7,9,25,65535,31,63,31,18761,9,10,9,31354,15,19,26,4112,2,0,16,12850,6,17,18,4112,2,0,16,2056,1,0,8,6168,3,0,24,8224,4,1,0,21074,10,18,18,65535,31,63,31,2570,1,16,10,10537,5,9,9,
117,1028,0,32,4,1285,0,40,5,65535,31,63,31,60395,29,31,11,27499,13,27,11,41634,20,21,2,19018,9,18,10,50115,24,30,3,8224,4,1,0,50115,24,30,3,58596,28,39,4,18761,9,10,9,65535,31,63,31,1285,0,40,5,25957,12,43,5,
118,12593,6,9,17,12593,6,9,17,65535,31,63,31,18761,9,10,9,31354,15,19,26,4112,2,0,16,12850,6,17,18,2056,1,0,8,2056,1,0,8,8224,4,1,0,6168,3,0,24,23130,11,18,26,65535,31,63,31,4626,2,16,18,12593,6,9,17,
119,9252,4,33,4,1028,0,32,4,65535,31,63,31,60395,29,31,11,27242,13,19,10,33410,16,20,2,18761,9,10,9,41891,20,29,3,8224,4,1,0,49858,24,22,2,58596,28,39,4,18761,9,10,9,65535,31,63,31,1285,0,40,5,34695,16,60,7,
120,12593,6,9,17,14649,7,9,25,65535,31,63,31,18761,9,10,9,31354,15,19,26,4112,2,0,16,14906,7,17,26,4112,2,0,16,2056,1,0,8,8224,4,1,0,6168,3,0,24,23130,11,18,26,65535,31,63,31,4626,2,16,18,12593,6,9,17,
121,1028,0,32,4,9252,4,33,4,65535,31,63,31,60395,29,31,11,19018,9,18,10,41634,20,21,2,18761,9,10,9,50115,24,30,3,8224,4,1,0,41634,20,21,2,58596,28,39,4,10537,5,9,9,65535,31,63,31,1542,0,48,6,26471,12,59,7,
122,12593,6,9,17,14649,7,9,25,65535,31,63,31,18761,9,10,9,31354,15,19,26,4112,2,0,16,14906,7,17,26,2056,1,0,8,0,0,0,0,8224,4,1,0,6168,3,0,24,25186,12,19,2,65535,31,63,31,2313,1,8,9,12593,6,9,17,
123,9252,4,33,4,9252,4,33,4,65535,31,63,31,60395,29,31,11,18761,9,10,9,41634,20,21,2,27499,13,27,11,41634,20,21,2,8224,4,1,0,41634,20,21,2,58596,28,39,4,19018,9,18,10,65535,31,63,31,58853,28,47,5,34438,16,52,6,
124,12593,6,9,17,14649,7,9,25,65535,31,63,31,19018,9,18,10,29298,14,19,18,4112,2,0,16,14906,7,17,26,2056,1,0,8,0,0,0,0,8224,4,1,0,8224,4,1,0,23130,11,18,26,65535,31,63,31,2313,1,8,9,12593,6,9,17,
125,9252,4,33,4,8995,4,25,3,65535,31,63,31,2570,1,16,10,18761,9,10,9,33410,16,20,2,19018,9,18,10,41891,20,29,3,8224,4,1,0,41634,20,21,2,58596,28,39,4,10537,5,9,9,65535,31,63,31,58853,28,47,5,26214,12,51,6,
126,12593,6,9,17,14649,7,9,25,65535,31,63,31,18761,9,10,9,29298,14,19,18,4112,2,0,16,14906,7,17,26,4112,2,0,16,0,0,0,0,8224,4,1,0,8224,4,1,0,23130,11,18,26,65535,31,63,31,2313,1,8,9,8481,4,9,1,
127,9252,4,33,4,9252,4,33,4,65535,31,63,31,60138,29,23,10,18504,9,2,8,41634,20,21,2,19018,9,18,10,41891,20,29,3,8224,4,1,0,41634,20,21,2,58596,28,39,4,10537,5,9,9,65535,31,63,31,50629,24,46,5,9252,4,33,4,
128,12593,6,9,17,12593,6,9,17,65535,31,63,31,19018,9,18,10,29298,14,19,18,4112,2,0,16,14906,7,17,26,4112,2,0,16,2056,1,0,8,8224,4,1,0,8224,4,1,0,23130,11,18,26,65535,31,63,31,4369,2,8,17,10537,5,9,9,
129,9252,4,33,4,9252,4,33,4,65535,31,63,31,2570,1,16,10,10280,5,1,8,41634,20,21,2,18761,9,10,9,25443,12,27,3,8224,4,1,0,41634,20,21,2,58853,28,47,5,10537,5,9,9,65535,31,63,31,50629,24,46,5,9252,4,33,4,
130,12593,6,9,17,12593,6,9,17,65535,31,63,31,19018,9,18,10,31354,15,19,26,4112,2,0,16,14906,7,17,26,2056,1,0,8,0,0,0,0,6168,3,0,24,8224,4,1,0,23130,11,18,26,65535,31,63,31,2313,1,8,9,10537,5,9,9,
131,9252,4,33,4,1028,0,32,4,65535,31,63,31,2570,1,16,10,10280,5,1,8,33410,16,20,2,27242,13,19,10,25186,12,19,2,8224,4,1,0,41891,20,29,3,58853,28,47,5,19018,9,18,10,65535,31,63,31,50372,24,38,4,17476,8,34,4,
132,12593,6,9,17,12593,6,9,17,65535,31,63,31,16962,8,18,2,31354,15,19,26,4112,2,0,16,14906,7,17,26,4112,2,0,16,0,0,0,0,6168,3,0,24,8224,4,1,0,23130,11,18,26,65535,31,63,31,257,0,8,1,12593,6,9,17,
133,9252,4,33,4,771,0,24,3,65535,31,63,31,2570,1,16,10,2056,1,0,8,49858,24,22,2,27242,13,19,10,25186,12,19,2,8224,4,1,0,50115,24,30,3,58853,28,47,5,19018,9,18,10,65535,31,63,31,58596,28,39,4,17733,8,42,5,
134,12593,6,9,17,12593,6,9,17,65535,31,63,31,16705,8,10,1,31097,15,11,25,4112,2,0,16,14906,7,17,26,4112,2,0,16,0,0,0,0,6168,3,0,24,8224,4,1,0,23130,11,18,26,65535,31,63,31,2313,1,8,9,12593,6,9,17,
135,9509,4,41,5,771,0,24,3,65535,31,63,31,59881,29,15,9,59624,29,7,8,41634,20,21,2,35466,17,20,10,33410,16,20,2,8224,4,1,0,50115,24,30,3,58853,28,47,5,19018,9,18,10,65535,31,63,31,42148,20,37,4,26214,12,51,6,
136,12593,6,9,17,14392,7,1,24,65535,31,63,31,18761,9,10,9,31097,15,11,25,4112,2,0,16,14906,7,17,26,4112,2,0,16,2056,1,0,8,6168,3,0,24,8224,4,1,0,23130,11,18,26,65535,31,63,31,2313,1,8,9,12593,6,9,17,
137,17733,8,42,5,58339,28,31,3,65535,31,63,31,60138,29,23,10,59624,29,7,8,41634,20,21,2,35723,17,28,11,33410,16,20,2,8224,4,1,0,41891,20,29,3,58853,28,47,5,27242,13,19,10,65535,31,63,31,33924,16,36,4,34438,16,52,6,
138,10537,5,9,9,14649,7,9,25,65535,31,63,31,16705,8,10,1,31097,15,11,25,4112,2,0,16,12850,6,17,18,2056,1,0,8,2056,1,0,8,6168,3,0,24,8224,4,1,0,23130,11,18,26,65535,31,63,31,2313,1,8,9,12593,6,9,17,
139,17733,8,42,5,771,0,24,3,65535,31,63,31,60138,29,23,10,59624,29,7,8,41634,20,21,2,35723,17,28,11,33410,16,20,2,8224,4,1,0,49858,24,22,2,58853,28,47,5,26985,13,11,9,65535,31,63,31,17219,8,26,3,34438,16,52,6,
140,10537,5,9,9,12593,6,9,17,65535,31,63,31,16962,8,18,2,31097,15,11,25,4112,2,0,16,14906,7,17,26,2056,1,0,8,0,0,0,0,6168,3,0,24,8224,4,1,0,23130,11,18,26,65535,31,63,31,2313,1,8,9,10537,5,9,9,
141,9252,4,33,4,771,0,24,3,65535,31,63,31,2313,1,8,9,51143,24,62,7,41634,20,21,2,35723,17,28,11,33410,16,20,2,8224,4,1,0,49858,24,22,2,58596,28,39,4,26985,13,11,9,65535,31,63,31,33667,16,28,3,34695,16,60,7,
142,12593,6,9,17,12336,6,1,16,65535,31,63,31,16705,8,10,1,31097,15,11,25,4112,2,0,16,14906,7,17,26,2056,1,0,8,2056,1,0,8,6168,3,0,24,8224,4,1,0,23130,11,18,26,65535,31,63,31,257,0,8,1,12593,6,9,17,
143,9509,4,41,5,58082,28,23,2,65535,31,63,31,59881,29,15,9,51143,24,62,7,41634,20,21,2,35723,17,28,11,33410,16,20,2,8224,4,1,0,50115,24,30,3,58596,28,39,4,27242,13,19,10,65535,31,63,31,41634,20,21,2,26471,12,59,7,
144,14649,7,9,25,12336,6,1,16,65535,31,63,31,16962,8,18,2,31097,15,11,25,4112,2,0,16,14906,7,17,26,4112,2,0,16,2056,1,0,8,6168,3,0,24,8224,4,1,0,23130,11,18,26,65535,31,63,31,257,0,8,1,14649,7,9,25,
145,9252,4,33,4,58082,28,23,2,65535,31,63,31,2313,1,8,9,42919,20,61,7,41634,20,21,2,35980,17,36,12,33410,16,20,2,8224,4,1,0,50115,24,30,3,58596,28,39,4,27242,13,19,10,65535,31,63,31,25443,12,27,3,34695,16,60,7,
146,14649,7,9,25,16448,8,2,0,65535,31,63,31,16962,8,18,2,31097,15,11,25,4112,2,0,16,12850,6,17,18,4112,2,0,16,2056,1,0,8,6168,3,0,24,8481,4,9,1,23130,11,18,26,65535,31,63,31,257,0,8,1,14649,7,9,25,
147,17476,8,34,4,49858,24,22,2,65535,31,63,31,2313,1,8,9,34438,16,52,6,41634,20,21,2,27499,13,27,11,25186,12,19,2,8224,4,1,0,41891,20,29,3,1028,0,32,4,35466,17,20,10,65535,31,63,31,8995,4,25,3,17990,8,50,6,
148,14649,7,9,25,14392,7,1,24,65535,31,63,31,16962,8,18,2,31097,15,11,25,4112,2,0,16,12850,6,17,18,4112,2,0,16,2056,1,0,8,6168,3,0,24,8481,4,9,1,23130,11,18,26,65535,31,63,31,257,0,8,1,14649,7,9,25,
149,9252,4,33,4,49858,24,22,2,65535,31,63,31,2313,1,8,9,34695,16,60,7,41634,20,21,2,27499,13,27,11,33410,16,20,2,8224,4,1,0,50115,24,30,3,1285,0,40,5,27242,13,19,10,48830,23,53,30,514,0,16,2,26214,12,51,6,
150,14649,7,9,25,14392,7,1,24,65535,31,63,31,16705,8,10,1,31097,15,11,25,4112,2,0,16,12850,6,17,18,6168,3,0,24,2056,1,0,8,6168,3,0,24,8481,4,9,1,23130,11,18,26,61423,29,63,15,257,0,8,1,12593,6,9,17,
151,17476,8,34,4,58339,28,31,3,65535,31,63,31,59881,29,15,9,34438,16,52,6,41634,20,21,2,27499,13,27,11,25186,12,19,2,8224,4,1,0,41891,20,29,3,1285,0,40,5,27242,13,19,10,23901,11,42,29,8738,4,17,2,26214,12,51,6,
152,12593,6,9,17,16448,8,2,0,65535,31,63,31,16705,8,10,1,31097,15,11,25,4112,2,0,16,12850,6,17,18,6168,3,0,24,2056,1,0,8,6168,3,0,24,8481,4,9,1,25186,12,19,2,61423,29,63,15,257,0,8,1,12593,6,9,17,
153,17476,8,34,4,58339,28,31,3,65535,31,63,31,59881,29,15,9,34438,16,52,6,41634,20,21,2,27499,13,27,11,25186,12,19,2,8224,4,1,0,41891,20,29,3,1028,0,32,4,27242,13,19,10,15420,7,33,28,8995,4,25,3,34438,16,52,6,
154,12593,6,9,17,14392,7,1,24,65535,31,63,31,16705,8,10,1,31097,15,11,25,4112,2,0,16,10794,5,17,10,4112,2,0,16,2056,1,0,8,8224,4,1,0,8481,4,9,1,25186,12,19,2,59367,28,63,7,257,0,8,1,10537,5,9,9,
155,25957,12,43,5,58339,28,31,3,65535,31,63,31,59881,29,15,9,26214,12,51,6,41634,20,21,2,19018,9,18,10,33410,16,20,2,8224,4,1,0,41891,20,29,3,1285,0,40,5,27242,13,19,10,7196,3,32,28,771,0,24,3,17733,8,42,5,
156,12593,6,9,17,16448,8,2,0,65535,31,63,31,14649,7,9,25,31097,15,11,25,4112,2,0,16,12850,6,17,18,6168,3,0,24,2056,1,0,8,6168,3,0,24,8481,4,9,1,25186,12,19,2,57054,27,54,30,257,0,8,1,12593,6,9,17,
157,25957,12,43,5,58339,28,31,3,65535,31,63,31,59881,29,15,9,25957,12,43,5,41634,20,21,2,27499,13,27,11,25186,12,19,2,8224,4,1,0,50115,24,30,3,1028,0,32,4,35466,17,20,10,56283,27,30,27,16962,8,18,2,9509,4,41,5,
158,12593,6,9,17,16448,8,2,0,65535,31,63,31,14649,7,9,25,31097,15,11,25,2056,1,0,8,12850,6,17,18,6168,3,0,24,2056,1,0,8,6168,3,0,24,8481,4,9,1,23130,11,18,26,54998,26,54,22,257,0,8,1,10537,5,9,9,
159,34438,16,52,6,58339,28,31,3,65535,31,63,31,59881,29,15,9,25957,12,43,5,41377,20,13,1,19018,9,18,10,24929,12,11,1,8224,4,1,0,50115,24,30,3,1028,0,32,4,27242,13,19,10,39578,19,20,26,16705,8,10,1,9509,4,41,5,
160,12593,6,9,17,16448,8,2,0,65535,31,63,31,14649,7,9,25,31097,15,11,25,4112,2,0,16,14906,7,17,26,8224,4,1,0,0,0,0,0,6168,3,0,24,8481,4,9,1,25186,12,19,2,54998,26,54,22,257,0,8,1,12593,6,9,17,
161,34438,16,52,6,50115,24,30,3,65535,31,63,31,59624,29,7,8,25957,12,43,5,49858,24,22,2,27242,13,19,10,25186,12,19,2,16448,8,2,0,50115,24,30,3,1028,0,32,4,35466,17,20,10,22873,11,10,25,16962,8,18,2,17733,8,42,5,
162,12593,6,9,17,16448,8,2,0,65535,31,63,31,14649,7,9,25,33153,16,12,1,4112,2,0,16,12850,6,17,18,8224,4,1,0,2056,1,0,8,6168,3,0,24,8481,4,9,1,23130,11,18,26,54998,26,54,22,257,0,8,1,10537,5,9,9,
163,25957,12,43,5,50115,24,30,3,65535,31,63,31,59624,29,7,8,25957,12,43,5,49858,24,22,2,19018,9,18,10,25186,12,19,2,8481,4,9,1,58339,28,31,3,1028,0,32,4,27242,13,19,10,14649,7,9,25,25443,12,27,3,17733,8,42,5,
164,12593,6,9,17,14392,7,1,24,65535,31,63,31,14649,7,9,25,33153,16,12,1,4112,2,0,16,12850,6,17,18,8224,4,1,0,2056,1,0,8,8224,4,1,0,8481,4,9,1,25186,12,19,2,50629,24,46,5,257,0,8,1,10537,5,9,9,
165,42662,20,53,6,58082,28,23,2,65535,31,63,31,59624,29,7,8,25957,12,43,5,49858,24,22,2,27499,13,27,11,25186,12,19,2,8224,4,1,0,50115,24,30,3,1028,0,32,4,43947,21,29,11,63736,31,7,24,25443,12,27,3,9252,4,33,4,
166,12593,6,9,17,14392,7,1,24,65535,31,63,31,12593,6,9,17,33153,16,12,1,4112,2,0,16,14906,7,17,26,8224,4,1,0,2056,1,0,8,6168,3,0,24,10537,5,9,9,23130,11,18,26,48573,23,45,29,257,0,8,1,10537,5,9,9,
167,34438,16,52,6,58339,28,31,3,65535,31,63,31,51400,25,6,8,17733,8,42,5,41634,20,21,2,19275,9,26,11,33410,16,20,2,8224,4,1,0,50115,24,30,3,1285,0,40,5,35723,17,28,11,55512,27,6,24,17219,8,26,3,17733,8,42,5,
168,12593,6,9,17,16448,8,2,0,65535,31,63,31,14649,7,9,25,33153,16,12,1,6168,3,0,24,16962,8,18,2,8224,4,1,0,2056,1,0,8,8224,4,1,0,10537,5,9,9,25186,12,19,2,46517,22,45,21,2313,1,8,9,10537,5,9,9,
169,34438,16,52,6,58082,28,23,2,65535,31,63,31,51143,24,62,7,17733,8,42,5,41634,20,21,2,19018,9,18,10,24929,12,11,1,8224,4,1,0,50115,24,30,3,1028,0,32,4,43947,21,29,11,55255,26,62,23,16962,8,18,2,17476,8,34,4,
170,14649,7,9,25,16448,8,2,0,65535,31,63,31,12593,6,9,17,33153,16,12,1,4112,2,0,16,14906,7,17,26,8224,4,1,0,2056,1,0,8,8224,4,1,0,8481,4,9,1,25186,12,19,2,46517,22,45,21,2313,1,8,9,10537,5,9,9,
171,34438,16,52,6,50115,24,30,3,65535,31,63,31,51143,24,62,7,17733,8,42,5,33410,16,20,2,19018,9,18,10,33153,16,12,1,8224,4,1,0,50115,24,30,3,1028,0,32,4,43947,21,29,11,30583,14,59,23,16962,8,18,2,9252,4,33,4,
172,16705,8,10,1,16448,8,2,0,65535,31,63,31,12593,6,9,17,33153,16,12,1,4112,2,0,16,14906,7,17,26,6168,3,0,24,2056,1,0,8,6168,3,0,24,8481,4,9,1,25186,12,19,2,42148,20,37,4,2313,1,8,9,10537,5,9,9,
173,34438,16,52,6,58339,28,31,3,65535,31,63,31,51143,24,62,7,17733,8,42,5,41634,20,21,2,19018,9,18,10,33153,16,12,1,16705,8,10,1,50115,24,30,3,1028,0,32,4,43947,21,29,11,62965,30,47,21,16962,8,18,2,9252,4,33,4,
174,16705,8,10,1,16448,8,2,0,65535,31,63,31,12593,6,9,17,35209,17,12,9,4112,2,0,16,16962,8,18,2,8224,4,1,0,2056,1,0,8,6168,3,0,24,8481,4,9,1,25186,12,19,2,42148,20,37,4,2313,1,8,9,10537,5,9,9,
175,34438,16,52,6,58339,28,31,3,65535,31,63,31,51143,24,62,7,17733,8,42,5,33410,16,20,2,19018,9,18,10,33153,16,12,1,8224,4,1,0,50115,24,30,3,1285,0,40,5,35466,17,20,10,54741,26,46,21,17219,8,26,3,9509,4,41,5,
176,16705,8,10,1,14392,7,1,24,65535,31,63,31,12593,6,9,17,35209,17,12,9,6168,3,0,24,16962,8,18,2,8224,4,1,0,2056,1,0,8,8224,4,1,0,8481,4,9,1,25186,12,19,2,38036,18,36,20,2313,1,8,9,8481,4,9,1,
177,34438,16,52,6,58339,28,31,3,65535,31,63,31,51143,24,62,7,17476,8,34,4,41634,20,21,2,27242,13,19,10,41634,20,21,2,8224,4,1,0,50115,24,30,3,1285,0,40,5,43947,21,29,11,29555,14,27,19,17219,8,26,3,17733,8,42,5,
178,16705,8,10,1,16448,8,2,0,65535,31,63,31,12593,6,9,17,35209,17,12,9,4112,2,0,16,19018,9,18,10,8224,4,1,0,2056,1,0,8,6168,3,0,24,10537,5,9,9,25186,12,19,2,33667,16,28,3,2313,1,8,9,10537,5,9,9,
179,34438,16,52,6,58339,28,31,3,65535,31,63,31,51143,24,62,7,17476,8,34,4,41634,20,21,2,35723,17,28,11,41634,20,21,2,8224,4,1,0,50115,24,30,3,1285,0,40,5,43690,21,21,10,61680,30,7,16,8995,4,25,3,17733,8,42,5,
180,16705,8,10,1,16448,8,2,0,65535,31,63,31,10537,5,9,9,35209,17,12,9,4112,2,0,16,16962,8,18,2,6168,3,0,24,2056,1,0,8,8224,4,1,0,8481,4,9,1,25186,12,19,2,33667,16,28,3,2313,1,8,9,10537,5,9,9,
181,34438,16,52,6,58339,28,31,3,65535,31,63,31,51143,24,62,7,9252,4,33,4,49858,24,22,2,27499,13,27,11,41634,20,21,2,8224,4,1,0,50115,24,30,3,1285,0,40,5,35466,17,20,10,44975,21,61,15,17219,8,26,3,17733,8,42,5,
182,16705,8,10,1,16448,8,2,0,65535,31,63,31,10537,5,9,9,35209,17,12,9,4112,2,0,16,16962,8,18,2,8224,4,1,0,2056,1,0,8,6168,3,0,24,8481,4,9,1,25186,12,19,2,31611,15,27,27,2313,1,8,9,8481,4,9,1,
183,42662,20,53,6,58339,28,31,3,65535,31,63,31,42919,20,61,7,9252,4,33,4,41634,20,21,2,44204,21,37,12,41634,20,21,2,8224,4,1,0,58339,28,31,3,1285,0,40,5,43690,21,21,10,53199,25,62,15,17219,8,26,3,9252,4,33,4,
184,16705,8,10,1,16448,8,2,0,65535,31,63,31,10537,5,9,9,35209,17,12,9,4112,2,0,16,16962,8,18,2,8224,4,1,0,2056,1,0,8,6425,3,8,25,8481,4,9,1,25186,12,19,2,27499,13,27,11,2313,1,8,9,10537,5,9,9,
185,51143,24,62,7,58339,28,31,3,65535,31,63,31,34438,16,52,6,9252,4,33,4,41634,20,21,2,44204,21,37,12,41891,20,29,3,8224,4,1,0,771,0,24,3,9509,4,41,5,43690,21,21,10,36494,17,52,14,25443,12,27,3,17476,8,34,4,
186,14649,7,9,25,14392,7,1,24,65535,31,63,31,10537,5,9,9,35209,17,12,9,4112,2,0,16,16962,8,18,2,10280,5,1,8,2056,1,0,8,6425,3,8,25,8481,4,9,1,23130,11,18,26,25443,12,27,3,2313,1,8,9,10537,5,9,9,
187,51143,24,62,7,58339,28,31,3,65535,31,63,31,34695,16,60,7,9252,4,33,4,49858,24,22,2,35980,17,36,12,41891,20,29,3,8224,4,1,0,1028,0,32,4,9509,4,41,5,43947,21,29,11,20046,9,50,14,25700,12,35,4,17733,8,42,5,
188,16705,8,10,1,16448,8,2,0,65535,31,63,31,10537,5,9,9,37265,18,12,17,4112,2,0,16,14906,7,17,26,10280,5,1,8,2056,1,0,8,8481,4,9,1,8481,4,9,1,23130,11,18,26,25443,12,27,3,257,0,8,1,10537,5,9,9,
189,59367,28,63,7,58339,28,31,3,65535,31,63,31,34438,16,52,6,9252,4,33,4,41377,20,13,1,35980,17,36,12,41891,20,29,3,8224,4,1,0,1028,0,32,4,1285,0,40,5,52171,25,30,11,11565,5,41,13,33667,16,28,3,17476,8,34,4,
190,16705,8,10,1,16448,8,2,0,65535,31,63,31,8481,4,9,1,37265,18,12,17,4112,2,0,16,16962,8,18,2,10280,5,1,8,2056,1,0,8,8481,4,9,1,8481,4,9,1,23130,11,18,26,21074,10,18,18,257,0,8,1,10537,5,9,9,
191,51143,24,62,7,58339,28,31,3,65535,31,63,31,34438,16,52,6,9252,4,33,4,41634,20,21,2,44204,21,37,12,41891,20,29,3,16448,8,2,0,1028,0,32,4,9509,4,41,5,43947,21,29,11,35723,17,28,11,25443,12,27,3,17476,8,34,4,
192,16705,8,10,1,16448,8,2,0,65535,31,63,31,8481,4,9,1,37265,18,12,17,4112,2,0,16,14906,7,17,26,10280,5,1,8,2056,1,0,8,8481,4,9,1,8481,4,9,1,25186,12,19,2,21074,10,18,18,2313,1,8,9,10537,5,9,9,
193,59367,28,63,7,58339,28,31,3,65535,31,63,31,34438,16,52,6,17476,8,34,4,41377,20,13,1,44204,21,37,12,41891,20,29,3,16448,8,2,0,1028,0,32,4,9252,4,33,4,43947,21,29,11,44204,21,37,12,33924,16,36,4,17476,8,34,4,
194,16705,8,10,1,16448,8,2,0,65535,31,63,31,4369,2,8,17,37265,18,12,17,4112,2,0,16,16962,8,18,2,10280,5,1,8,2056,1,0,8,8481,4,9,1,8481,4,9,1,25186,12,19,2,23130,11,18,26,2313,1,8,9,10537,5,9,9,
195,59367,28,63,7,50115,24,30,3,65535,31,63,31,34181,16,44,5,17476,8,34,4,49858,24,22,2,52685,25,46,13,41891,20,29,3,8224,4,1,0,1028,0,32,4,9509,4,41,5,35723,17,28,11,60909,29,47,13,25700,12,35,4,17476,8,34,4,
196,16705,8,10,1,16448,8,2,0,65535,31,63,31,4369,2,8,17,37265,18,12,17,4112,2,0,16,16962,8,18,2,10280,5,1,8,2056,1,0,8,8481,4,9,1,10537,5,9,9,27242,13,19,10,23130,11,18,26,4369,2,8,17,10537,5,9,9,
197,59367,28,63,7,50115,24,30,3,65535,31,63,31,42405,20,45,5,17476,8,34,4,49858,24,22,2,52428,25,38,12,49858,24,22,2,8224,4,1,0,1028,0,32,4,9509,4,41,5,43947,21,29,11,60652,29,39,12,25957,12,43,5,17476,8,34,4,
198,16962,8,18,2,14392,7,1,24,65535,31,63,31,6425,3,8,25,37265,18,12,17,4112,2,0,16,16962,8,18,2,10280,5,1,8,2056,1,0,8,8481,4,9,1,10537,5,9,9,25186,12,19,2,23130,11,18,26,4369,2,8,17,10537,5,9,9,
199,10280,5,1,8,58339,28,31,3,65535,31,63,31,25957,12,43,5,17219,8,26,3,49858,24,22,2,44204,21,37,12,41634,20,21,2,8224,4,1,0,1028,0,32,4,9509,4,41,5,35723,17,28,11,52428,25,38,12,25957,12,43,5,9252,4,33,4,
200,16962,8,18,2,14392,7,1,24,65535,31,63,31,6425,3,8,25,37265,18,12,17,4112,2,0,16,16962,8,18,2,10280,5,1,8,2056,1,0,8,6425,3,8,25,10537,5,9,9,25186,12,19,2,25443,12,27,3,4369,2,8,17,10537,5,9,9,
201,2056,1,0,8,58339,28,31,3,65535,31,63,31,25700,12,35,4,8995,4,25,3,49858,24,22,2,44204,21,37,12,49858,24,22,2,8224,4,1,0,1028,0,32,4,1285,0,40,5,43947,21,29,11,3341,1,40,13,34181,16,44,5,9252,4,33,4,
202,16962,8,18,2,14392,7,1,24,65535,31,63,31,4369,2,8,17,37265,18,12,17,4112,2,0,16,16962,8,18,2,10280,5,1,8,0,0,0,0,8481,4,9,1,8481,4,9,1,25186,12,19,2,25443,12,27,3,2313,1,8,9,10537,5,9,9,
203,2056,1,0,8,58339,28,31,3,65535,31,63,31,25700,12,35,4,17476,8,34,4,41634,20,21,2,52428,25,38,12,41634,20,21,2,8224,4,1,0,1028,0,32,4,1285,0,40,5,43947,21,29,11,11565,5,41,13,33924,16,36,4,17733,8,42,5,
204,16962,8,18,2,16448,8,2,0,65535,31,63,31,4369,2,8,17,37265,18,12,17,4112,2,0,16,16962,8,18,2,10280,5,1,8,0,0,0,0,8481,4,9,1,8481,4,9,1,25186,12,19,2,23130,11,18,26,4369,2,8,17,10537,5,9,9,
205,2056,1,0,8,58339,28,31,3,65535,31,63,31,17219,8,26,3,17476,8,34,4,41634,20,21,2,44204,21,37,12,41634,20,21,2,8224,4,1,0,1028,0,32,4,9509,4,41,5,43947,21,29,11,60652,29,39,12,34181,16,44,5,17733,8,42,5,
206,16962,8,18,2,16448,8,2,0,65535,31,63,31,2313,1,8,9,37265,18,12,17,4112,2,0,16,16962,8,18,2,12336,6,1,16,2056,1,0,8,6425,3,8,25,8481,4,9,1,23130,11,18,26,23130,11,18,26,6425,3,8,25,10537,5,9,9,
207,2056,1,0,8,58596,28,39,4,65535,31,63,31,25443,12,27,3,9252,4,33,4,41634,20,21,2,44204,21,37,12,41634,20,21,2,16448,8,2,0,1028,0,32,4,1285,0,40,5,52171,25,30,11,52171,25,30,11,50886,24,54,6,17733,8,42,5,
208,18761,9,10,9,16448,8,2,0,65535,31,63,31,2313,1,8,9,37265,18,12,17,4112,2,0,16,16962,8,18,2,10280,5,1,8,0,0,0,0,6425,3,8,25,8481,4,9,1,23130,11,18,26,25186,12,19,2,6425,3,8,25,10537,5,9,9,
209,59624,29,7,8,50115,24,30,3,65535,31,63,31,25443,12,27,3,17476,8,34,4,41634,20,21,2,44204,21,37,12,41891,20,29,3,8224,4,1,0,9252,4,33,4,9252,4,33,4,52171,25,30,11,60652,29,39,12,42405,20,45,5,17733,8,42,5,
210,19018,9,18,10,16448,8,2,0,65535,31,63,31,2313,1,8,9,39321,19,12,25,4112,2,0,16,19018,9,18,10,10280,5,1,8,0,0,0,0,8481,4,9,1,8481,4,9,1,23130,11,18,26,27499,13,27,11,8481,4,9,1,10537,5,9,9,
211,2056,1,0,8,50372,24,38,4,65535,31,63,31,25186,12,19,2,9252,4,33,4,49858,24,22,2,44204,21,37,12,50115,24,30,3,8224,4,1,0,1028,0,32,4,9252,4,33,4,52171,25,30,11,3084,1,32,12,42405,20,45,5,9509,4,41,5,
212,18761,9,10,9,18504,9,2,8,65535,31,63,31,257,0,8,1,41377,20,13,1,4112,2,0,16,19018,9,18,10,12336,6,1,16,2056,1,0,8,8481,4,9,1,8481,4,9,1,25186,12,19,2,25186,12,19,2,6425,3,8,25,12593,6,9,17,
213,59624,29,7,8,50115,24,30,3,65535,31,63,31,25186,12,19,2,17476,8,34,4,49858,24,22,2,44204,21,37,12,58339,28,31,3,8224,4,1,0,1028,0,32,4,9252,4,33,4,43947,21,29,11,43947,21,29,11,42662,20,53,6,9509,4,41,5,
214,18761,9,10,9,18504,9,2,8,65535,31,63,31,2313,1,8,9,41377,20,13,1,4112,2,0,16,19018,9,18,10,10280,5,1,8,2056,1,0,8,8481,4,9,1,8481,4,9,1,23130,11,18,26,25186,12,19,2,6682,3,16,26,10537,5,9,9,
215,59624,29,7,8,50115,24,30,3,65535,31,63,31,17219,8,26,3,9252,4,33,4,41634,20,21,2,44204,21,37,12,50115,24,30,3,8224,4,1,0,1028,0,32,4,1285,0,40,5,43947,21,29,11,60395,29,31,11,10023,4,57,7,17733,8,42,5,
216,18761,9,10,9,18504,9,2,8,65535,31,63,31,2313,1,8,9,41377,20,13,1,4112,2,0,16,19018,9,18,10,10537,5,9,9,2056,1,0,8,8481,4,9,1,8481,4,9,1,23130,11,18,26,23130,11,18,26,4626,2,16,18,10537,5,9,9,
217,59624,29,7,8,50115,24,30,3,65535,31,63,31,25186,12,19,2,9252,4,33,4,49858,24,22,2,60652,29,39,12,1028,0,32,4,8224,4,1,0,1028,0,32,4,1028,0,32,4,52171,25,30,11,52171,25,30,11,9766,4,49,6,17733,8,42,5,
218,19018,9,18,10,16448,8,2,0,65535,31,63,31,257,0,8,1,41377,20,13,1,4112,2,0,16,16962,8,18,2,10537,5,9,9,2056,1,0,8,8481,4,9,1,8481,4,9,1,23130,11,18,26,23130,11,18,26,4626,2,16,18,8481,4,9,1,
219,2056,1,0,8,58339,28,31,3,65535,31,63,31,25443,12,27,3,17476,8,34,4,49858,24,22,2,44204,21,37,12,771,0,24,3,8224,4,1,0,1028,0,32,4,1028,0,32,4,43947,21,29,11,52171,25,30,11,9509,4,41,5,17476,8,34,4,
220,18761,9,10,9,16448,8,2,0,65535,31,63,31,257,0,8,1,39321,19,12,25,6168,3,0,24,19018,9,18,10,10280,5,1,8,2056,1,0,8,8481,4,9,1,8481,4,9,1,25186,12,19,2,23130,11,18,26,6682,3,16,26,10537,5,9,9,
221,59624,29,7,8,58339,28,31,3,57311,27,62,31,25186,12,19,2,17476,8,34,4,49858,24,22,2,60652,29,39,12,58339,28,31,3,8224,4,1,0,9252,4,33,4,1028,0,32,4,43947,21,29,11,51914,25,22,10,9766,4,49,6,17733,8,42,5,
222,19018,9,18,10,16448,8,2,0,65535,31,63,31,257,0,8,1,39321,19,12,25,6168,3,0,24,19018,9,18,10,10537,5,9,9,2056,1,0,8,8481,4,9,1,8481,4,9,1,25186,12,19,2,23130,11,18,26,8738,4,17,2,10537,5,9,9,
223,2056,1,0,8,58339,28,31,3,57311,27,62,31,25186,12,19,2,9252,4,33,4,49858,24,22,2,44204,21,37,12,1028,0,32,4,8224,4,1,0,9252,4,33,4,1028,0,32,4,43947,21,29,11,51914,25,22,10,18247,8,58,7,17733,8,42,5,
224,19018,9,18,10,16448,8,2,0,65535,31,63,31,257,0,8,1,41377,20,13,1,6168,3,0,24,23130,11,18,26,10537,5,9,9,2056,1,0,8,8481,4,9,1,10537,5,9,9,23130,11,18,26,23130,11,18,26,6682,3,16,26,10537,5,9,9,
225,2056,1,0,8,58339,28,31,3,57311,27,62,31,25186,12,19,2,25700,12,35,4,41634,20,21,2,52428,25,38,12,1028,0,32,4,8224,4,1,0,9252,4,33,4,1028,0,32,4,35723,17,28,11,52171,25,30,11,17990,8,50,6,17733,8,42,5,
226,16962,8,18,2,16448,8,2,0,65535,31,63,31,257,0,8,1,41377,20,13,1,6168,3,0,24,21074,10,18,18,10537,5,9,9,2056,1,0,8,10537,5,9,9,10537,5,9,9,25186,12,19,2,23130,11,18,26,6682,3,16,26,10537,5,9,9,
227,2056,1,0,8,58339,28,31,3,49087,23,61,31,25443,12,27,3,25700,12,35,4,41634,20,21,2,44204,21,37,12,1028,0,32,4,8224,4,1,0,9252,4,33,4,1028,0,32,4,43947,21,29,11,60395,29,31,11,34438,16,52,6,17733,8,42,5,
228,16962,8,18,2,16448,8,2,0,65535,31,63,31,2313,1,8,9,41377,20,13,1,6168,3,0,24,21074,10,18,18,10537,5,9,9,2056,1,0,8,10537,5,9,9,10537,5,9,9,25186,12,19,2,25186,12,19,2,6682,3,16,26,10537,5,9,9,
229,2056,1,0,8,58339,28,31,3,49087,23,61,31,17219,8,26,3,33924,16,36,4,41634,20,21,2,44204,21,37,12,1028,0,32,4,8224,4,1,0,1028,0,32,4,1028,0,32,4,43947,21,29,11,60395,29,31,11,26214,12,51,6,9509,4,41,5,
230,19018,9,18,10,16448,8,2,0,63479,30,63,23,2313,1,8,9,39321,19,12,25,4112,2,0,16,21074,10,18,18,10537,5,9,9,2056,1,0,8,10537,5,9,9,10537,5,9,9,25186,12,19,2,23130,11,18,26,6682,3,16,26,10537,5,9,9,
231,2056,1,0,8,58339,28,31,3,40863,19,60,31,17219,8,26,3,25700,12,35,4,41634,20,21,2,52428,25,38,12,1028,0,32,4,16448,8,2,0,1028,0,32,4,1028,0,32,4,43947,21,29,11,52171,25,30,11,18247,8,58,7,9509,4,41,5,
232,16962,8,18,2,18761,9,10,9,63479,30,63,23,257,0,8,1,39321,19,12,25,4112,2,0,16,19018,9,18,10,10537,5,9,9,2056,1,0,8,10537,5,9,9,8481,4,9,1,25186,12,19,2,19018,9,18,10,6682,3,16,26,10537,5,9,9,
233,2056,1,0,8,771,0,24,3,32639,15,59,31,25443,12,27,3,33924,16,36,4,49858,24,22,2,52428,25,38,12,9509,4,41,5,8224,4,1,0,1028,0,32,4,1028,0,32,4,43947,21,29,11,51914,25,22,10,10023,4,57,7,9509,4,41,5,
234,16705,8,10,1,16448,8,2,0,63479,30,63,23,257,0,8,1,41377,20,13,1,6168,3,0,24,21074,10,18,18,12593,6,9,17,2056,1,0,8,10537,5,9,9,8481,4,9,1,25186,12,19,2,21074,10,18,18,6682,3,16,26,10537,5,9,9,
235,59624,29,7,8,58339,28,31,3,32639,15,59,31,25443,12,27,3,25700,12,35,4,49858,24,22,2,60652,29,39,12,9509,4,41,5,16448,8,2,0,9509,4,41,5,1028,0,32,4,43947,21,29,11,51914,25,22,10,10023,4,57,7,17476,8,34,4,
236,16962,8,18,2,16705,8,10,1,65535,31,63,31,257,0,8,1,41377,20,13,1,4112,2,0,16,21074,10,18,18,10537,5,9,9,2056,1,0,8,10537,5,9,9,8481,4,9,1,25186,12,19,2,23130,11,18,26,4626,2,16,18,10537,5,9,9,
237,2056,1,0,8,771,0,24,3,24415,11,58,31,25186,12,19,2,17476,8,34,4,49858,24,22,2,60652,29,39,12,17733,8,42,5,8224,4,1,0,1028,0,32,4,1028,0,32,4,35723,17,28,11,60395,29,31,11,9766,4,49,6,17733,8,42,5,
238,16962,8,18,2,18504,9,2,8,63479,30,63,23,257,0,8,1,41377,20,13,1,4112,2,0,16,21074,10,18,18,12593,6,9,17,2056,1,0,8,10537,5,9,9,8481,4,9,1,25186,12,19,2,21074,10,18,18,2570,1,16,10,10537,5,9,9,
239,2056,1,0,8,58339,28,31,3,24415,11,58,31,25186,12,19,2,17476,8,34,4,57825,28,15,1,60652,29,39,12,17733,8,42,5,16705,8,10,1,1028,0,32,4,1028,0,32,4,43947,21,29,11,51914,25,22,10,9766,4,49,6,17733,8,42,5,
240,16962,8,18,2,18504,9,2,8,61423,29,63,15,257,0,8,1,39321,19,12,25,4112,2,0,16,21074,10,18,18,12593,6,9,17,2056,1,0,8,10537,5,9,9,8481,4,9,1,25186,12,19,2,21074,10,18,18,2570,1,16,10,10537,5,9,9,
241,2056,1,0,8,49858,24,22,2,24158,11,50,30,25186,12,19,2,25700,12,35,4,57825,28,15,1,60652,29,39,12,17733,8,42,5,16448,8,2,0,1028,0,32,4,1028,0,32,4,43947,21,29,11,59881,29,15,9,9766,4,49,6,17733,8,42,5,
242,16962,8,18,2,16448,8,2,0,61423,29,63,15,2313,1,8,9,39321,19,12,25,4112,2,0,16,21074,10,18,18,10537,5,9,9,0,0,0,0,10280,5,1,8,8481,4,9,1,25186,12,19,2,23130,11,18,26,2570,1,16,10,8481,4,9,1,
243,2056,1,0,8,58339,28,31,3,15934,7,49,30,16962,8,18,2,8995,4,25,3,57825,28,15,1,60652,29,39,12,17733,8,42,5,16448,8,2,0,58596,28,39,4,1028,0,32,4,43947,21,29,11,43176,21,5,8,1542,0,48,6,9252,4,33,4,
244,16962,8,18,2,18504,9,2,8,61423,29,63,15,2313,1,8,9,39321,19,12,25,4112,2,0,16,19018,9,18,10,12593,6,9,17,2056,1,0,8,12593,6,9,17,8481,4,9,1,23130,11,18,26,27242,13,19,10,4626,2,16,18,10537,5,9,9,
245,2056,1,0,8,58339,28,31,3,15934,7,49,30,25186,12,19,2,17219,8,26,3,49858,24,22,2,52428,25,38,12,17733,8,42,5,16448,8,2,0,1028,0,32,4,1028,0,32,4,43947,21,29,11,43176,21,5,8,1285,0,40,5,17733,8,42,5,
246,16962,8,18,2,18504,9,2,8,61423,29,63,15,2313,1,8,9,41377,20,13,1,4112,2,0,16,21331,10,26,19,12593,6,9,17,2056,1,0,8,12593,6,9,17,8481,4,9,1,25186,12,19,2,25186,12,19,2,2570,1,16,10,10537,5,9,9,
247,2056,1,0,8,58082,28,23,2,7453,3,40,29,16962,8,18,2,25700,12,35,4,41377,20,13,1,3341,1,40,13,25957,12,43,5,16448,8,2,0,1028,0,32,4,1028,0,32,4,43947,21,29,11,43433,21,13,9,1028,0,32,4,9252,4,33,4,
248,19018,9,18,10,20560,10,2,16,59110,28,55,6,2313,1,8,9,41377,20,13,1,4112,2,0,16,21331,10,26,19,12593,6,9,17,2056,1,0,8,12336,6,1,16,8481,4,9,1,25186,12,19,2,23130,11,18,26,2570,1,16,10,12593,6,9,17,
249,2056,1,0,8,58339,28,31,3,56797,27,46,29,16962,8,18,2,17476,8,34,4,49858,24,22,2,3341,1,40,13,17733,8,42,5,8224,4,1,0,58596,28,39,4,1028,0,32,4,35723,17,28,11,51657,25,14,9,1285,0,40,5,9252,4,33,4,
250,19018,9,18,10,20560,10,2,16,59110,28,55,6,257,0,8,1,43433,21,13,9,4112,2,0,16,19275,9,26,11,12593,6,9,17,2056,1,0,8,12593,6,9,17,8481,4,9,1,25186,12,19,2,21074,10,18,18,514,0,16,2,12593,6,9,17,
251,2056,1,0,8,50115,24,30,3,65021,31,47,29,25443,12,27,3,17476,8,34,4,49858,24,22,2,3341,1,40,13,25957,12,43,5,16448,8,2,0,1285,0,40,5,1028,0,32,4,35723,17,28,11,43433,21,13,9,9509,4,41,5,9509,4,41,5,
252,16962,8,18,2,20560,10,2,16,59110,28,55,6,257,0,8,1,43433,21,13,9,4112,2,0,16,21331,10,26,19,10537,5,9,9,2056,1,0,8,14392,7,1,24,8481,4,9,1,25186,12,19,2,21074,10,18,18,514,0,16,2,12593,6,9,17,
253,2056,1,0,8,50115,24,30,3,65021,31,47,29,25443,12,27,3,25957,12,43,5,49858,24,22,2,20046,9,50,14,17733,8,42,5,16448,8,2,0,58853,28,47,5,1028,0,32,4,35723,17,28,11,59881,29,15,9,9766,4,49,6,17733,8,42,5,
254,19018,9,18,10,22616,11,2,24,57054,27,54,30,257,0,8,1,43433,21,13,9,4112,2,0,16,21331,10,26,19,12593,6,9,17,2056,1,0,8,14649,7,9,25,8481,4,9,1,25186,12,19,2,23130,11,18,26,257,0,8,1,10537,5,9,9,
255,2056,1,0,8,58596,28,39,4,48573,23,45,29,25443,12,27,3,17733,8,42,5,49601,24,14,1,3341,1,40,13,34438,16,52,6,16705,8,10,1,1285,0,40,5,1028,0,32,4,35723,17,28,11,51657,25,14,9,50629,24,46,5,17733,8,42,5,
256,19018,9,18,10,22616,11,2,24,59110,28,55,6,257,0,8,1,43433,21,13,9,4112,2,0,16,25443,12,27,3,12593,6,9,17,2056,1,0,8,12593,6,9,17,10537,5,9,9,25186,12,19,2,23130,11,18,26,4369,2,8,17,12593,6,9,17,
257,2056,1,0,8,50115,24,30,3,40349,19,44,29,25443,12,27,3,25700,12,35,4,49858,24,22,2,11565,5,41,13,34438,16,52,6,16448,8,2,0,1285,0,40,5,1028,0,32,4,35723,17,28,11,51914,25,22,10,42405,20,45,5,9509,4,41,5,
258,18761,9,10,9,24672,12,3,0,57054,27,54,30,257,0,8,1,43433,21,13,9,4112,2,0,16,25443,12,27,3,12593,6,9,17,2056,1,0,8,12593,6,9,17,8481,4,9,1,25186,12,19,2,23130,11,18,26,4369,2,8,17,12593,6,9,17,
259,59624,29,7,8,41891,20,29,3,40092,19,36,28,25443,12,27,3,25700,12,35,4,49858,24,22,2,11565,5,41,13,34438,16,52,6,16448,8,2,0,9509,4,41,5,1028,0,32,4,35723,17,28,11,51914,25,22,10,50629,24,46,5,9509,4,41,5,
260,19018,9,18,10,24672,12,3,0,54998,26,54,22,257,0,8,1,43433,21,13,9,4112,2,0,16,23130,11,18,26,12593,6,9,17,2056,1,0,8,8481,4,9,1,8481,4,9,1,25186,12,19,2,23130,11,18,26,4369,2,8,17,10537,5,9,9,
261,2056,1,0,8,50115,24,30,3,40092,19,36,28,25443,12,27,3,25700,12,35,4,41634,20,21,2,60909,29,47,13,34438,16,52,6,16448,8,2,0,9252,4,33,4,1028,0,32,4,43947,21,29,11,51914,25,22,10,50629,24,46,5,17733,8,42,5,
262,19018,9,18,10,24672,12,3,0,54998,26,54,22,257,0,8,1,43433,21,13,9,4112,2,0,16,25443,12,27,3,12593,6,9,17,2056,1,0,8,10537,5,9,9,8481,4,9,1,25186,12,19,2,23130,11,18,26,4369,2,8,17,10537,5,9,9,
263,2056,1,0,8,50115,24,30,3,31611,15,27,27,25443,12,27,3,25700,12,35,4,41634,20,21,2,11565,5,41,13,34438,16,52,6,16448,8,2,0,9252,4,33,4,1028,0,32,4,43947,21,29,11,43433,21,13,9,34181,16,44,5,17733,8,42,5,
264,18761,9,10,9,26728,13,3,8,50886,24,54,6,2313,1,8,9,43433,21,13,9,4112,2,0,16,23387,11,26,27,12593,6,9,17,2056,1,0,8,8481,4,9,1,10537,5,9,9,25186,12,19,2,23130,11,18,26,4369,2,8,17,10537,5,9,9,
265,59624,29,7,8,50115,24,30,3,14906,7,17,26,17219,8,26,3,25957,12,43,5,41634,20,21,2,3341,1,40,13,34438,16,52,6,8224,4,1,0,1028,0,32,4,1028,0,32,4,35466,17,20,10,43433,21,13,9,42405,20,45,5,17733,8,42,5,
266,18761,9,10,9,26728,13,3,8,50886,24,54,6,2313,1,8,9,43433,21,13,9,6168,3,0,24,25443,12,27,3,12593,6,9,17,2056,1,0,8,10280,5,1,8,10537,5,9,9,25186,12,19,2,23130,11,18,26,4369,2,8,17,10537,5,9,9,
267,59624,29,7,8,41891,20,29,3,14906,7,17,26,17219,8,26,3,25700,12,35,4,41634,20,21,2,11565,5,41,13,42662,20,53,6,8224,4,1,0,58596,28,39,4,1028,0,32,4,35466,17,20,10,35209,17,12,9,42148,20,37,4,17733,8,42,5,
268,18761,9,10,9,26728,13,3,8,50886,24,54,6,2313,1,8,9,43433,21,13,9,6168,3,0,24,23387,11,26,27,12593,6,9,17,2056,1,0,8,10537,5,9,9,10280,5,1,8,25186,12,19,2,23130,11,18,26,4369,2,8,17,10537,5,9,9,
269,59624,29,7,8,41891,20,29,3,14649,7,9,25,17219,8,26,3,25957,12,43,5,41634,20,21,2,3084,1,32,12,42662,20,53,6,8224,4,1,0,1285,0,40,5,58596,28,39,4,35466,17,20,10,43433,21,13,9,33924,16,36,4,9509,4,41,5,
270,18761,9,10,9,26728,13,3,8,48830,23,53,30,257,0,8,1,43433,21,13,9,4112,2,0,16,23387,11,26,27,12593,6,9,17,2056,1,0,8,8481,4,9,1,10280,5,1,8,23130,11,18,26,23130,11,18,26,4369,2,8,17,10537,5,9,9,
271,59624,29,7,8,41891,20,29,3,6425,3,8,25,17219,8,26,3,25957,12,43,5,41634,20,21,2,11565,5,41,13,42662,20,53,6,16705,8,10,1,1028,0,32,4,58596,28,39,4,35466,17,20,10,43433,21,13,9,50629,24,46,5,17476,8,34,4,
272,18761,9,10,9,28784,14,3,16,48573,23,45,29,257,0,8,1,43433,21,13,9,6168,3,0,24,21331,10,26,19,12593,6,9,17,2056,1,0,8,8481,4,9,1,10280,5,1,8,25186,12,19,2,23130,11,18,26,2313,1,8,9,10537,5,9,9,
273,59624,29,7,8,41891,20,29,3,55512,27,6,24,17219,8,26,3,25957,12,43,5,41634,20,21,2,3084,1,32,12,42662,20,53,6,16448,8,2,0,1028,0,32,4,58596,28,39,4,27242,13,19,10,43433,21,13,9,50629,24,46,5,9252,4,33,4,
274,18761,9,10,9,28784,14,3,16,46517,22,45,21,257,0,8,1,43433,21,13,9,6168,3,0,24,23387,11,26,27,12593,6,9,17,0,0,0,0,8481,4,9,1,10280,5,1,8,25186,12,19,2,23130,11,18,26,2313,1,8,9,10537,5,9,9,
275,51400,25,6,8,41891,20,29,3,55512,27,6,24,17219,8,26,3,25957,12,43,5,41634,20,21,2,11565,5,41,13,42662,20,53,6,16448,8,2,0,1028,0,32,4,58853,28,47,5,35723,17,28,11,43433,21,13,9,58853,28,47,5,17733,8,42,5,
276,18761,9,10,9,26728,13,3,8,42405,20,45,5,257,0,8,1,43433,21,13,9,6168,3,0,24,23387,11,26,27,12593,6,9,17,2056,1,0,8,8481,4,9,1,10280,5,1,8,23130,11,18,26,21074,10,18,18,2313,1,8,9,10537,5,9,9,
277,59624,29,7,8,41634,20,21,2,39064,19,4,24,17219,8,26,3,25957,12,43,5,41634,20,21,2,11565,5,41,13,42662,20,53,6,16448,8,2,0,1028,0,32,4,58853,28,47,5,35466,17,20,10,43433,21,13,9,58853,28,47,5,17733,8,42,5,
278,18761,9,10,9,26728,13,3,8,40349,19,44,29,257,0,8,1,45489,22,13,17,6168,3,0,24,21331,10,26,19,12593,6,9,17,2056,1,0,8,8481,4,9,1,10280,5,1,8,23130,11,18,26,21074,10,18,18,2570,1,16,10,10537,5,9,9,
279,59624,29,7,8,49858,24,22,2,13878,6,49,22,25186,12,19,2,25957,12,43,5,49858,24,22,2,3341,1,40,13,34438,16,52,6,16448,8,2,0,1028,0,32,4,58596,28,39,4,35723,17,28,11,43433,21,13,9,1285,0,40,5,17733,8,42,5,
280,16705,8,10,1,26728,13,3,8,38293,18,44,21,257,0,8,1,43433,21,13,9,4112,2,0,16,23387,11,26,27,12593,6,9,17,2056,1,0,8,8481,4,9,1,10280,5,1,8,23130,11,18,26,21074,10,18,18,4626,2,16,18,10537,5,9,9,
281,59624,29,7,8,49858,24,22,2,22102,10,50,22,25186,12,19,2,25957,12,43,5,49858,24,22,2,11565,5,41,13,42919,20,61,7,16448,8,2,0,9509,4,41,5,58596,28,39,4,43947,21,29,11,43433,21,13,9,1542,0,48,6,17733,8,42,5,
282,16962,8,18,2,26728,13,3,8,38293,18,44,21,257,0,8,1,45489,22,13,17,4112,2,0,16,23387,11,26,27,14649,7,9,25,2056,1,0,8,8481,4,9,1,8224,4,1,0,23130,11,18,26,21074,10,18,18,2570,1,16,10,10537,5,9,9,
283,2056,1,0,8,49858,24,22,2,38807,18,60,23,25186,12,19,2,34181,16,44,5,41634,20,21,2,11565,5,41,13,42919,20,61,7,16448,8,2,0,1028,0,32,4,58596,28,39,4,43947,21,29,11,51400,25,6,8,9766,4,49,6,25957,12,43,5,
284,16962,8,18,2,26728,13,3,8,34181,16,44,5,2313,1,8,9,45489,22,13,17,4112,2,0,16,23387,11,26,27,14649,7,9,25,2056,1,0,8,8481,4,9,1,8481,4,9,1,23130,11,18,26,21074,10,18,18,6682,3,16,26,10537,5,9,9,
285,2056,1,0,8,49858,24,22,2,5397,2,40,21,16962,8,18,2,34181,16,44,5,49858,24,22,2,11565,5,41,13,42919,20,61,7,16448,8,2,0,1028,0,32,4,1028,0,32,4,43690,21,21,10,42919,20,61,7,18247,8,58,7,9509,4,41,5,
286,14649,7,9,25,26728,13,3,8,31868,15,35,28,257,0,8,1,45489,22,13,17,6168,3,0,24,23387,11,26,27,14649,7,9,25,2056,1,0,8,10537,5,9,9,8481,4,9,1,23130,11,18,26,21074,10,18,18,4626,2,16,18,10537,5,9,9,
287,59624,29,7,8,50115,24,30,3,62708,30,39,20,16962,8,18,2,25957,12,43,5,49858,24,22,2,3341,1,40,13,42919,20,61,7,16448,8,2,0,9252,4,33,4,1028,0,32,4,35466,17,20,10,59624,29,7,8,18247,8,58,7,1028,0,32,4,
288,16705,8,10,1,26728,13,3,8,29812,14,35,20,2313,1,8,9,43433,21,13,9,4112,2,0,16,23387,11,26,27,14649,7,9,25,2056,1,0,8,8481,4,9,1,8224,4,1,0,23130,11,18,26,19018,9,18,10,6682,3,16,26,10537,5,9,9,
289,59624,29,7,8,49858,24,22,2,62708,30,39,20,17219,8,26,3,34181,16,44,5,49601,24,14,1,3341,1,40,13,42919,20,61,7,16448,8,2,0,1028,0,32,4,58596,28,39,4,35466,17,20,10,43176,21,5,8,10023,4,57,7,9509,4,41,5,
290,16705,8,10,1,28784,14,3,16,27756,13,35,12,257,0,8,1,43433,21,13,9,4112,2,0,16,23387,11,26,27,14649,7,9,25,2056,1,0,8,8481,4,9,1,8481,4,9,1,23130,11,18,26,21074,10,18,18,6682,3,16,26,12593,6,9,17,
291,59624,29,7,8,49858,24,22,2,37522,18,20,18,17219,8,26,3,34181,16,44,5,49601,24,14,1,3341,1,40,13,42919,20,61,7,16448,8,2,0,9252,4,33,4,1028,0,32,4,35466,17,20,10,51657,25,14,9,1799,0,56,7,9509,4,41,5,
292,16962,8,18,2,28784,14,3,16,21588,10,34,20,257,0,8,1,43433,21,13,9,4112,2,0,16,23387,11,26,27,14649,7,9,25,2056,1,0,8,8481,4,9,1,8481,4,9,1,23130,11,18,26,21074,10,18,18,6425,3,8,25,10537,5,9,9,
293,2056,1,0,8,41634,20,21,2,29041,14,11,17,17219,8,26,3,34438,16,52,6,49858,24,22,2,3341,1,40,13,42919,20,61,7,16448,8,2,0,1028,0,32,4,1028,0,32,4,35466,17,20,10,51657,25,14,9,50629,24,46,5,9509,4,41,5,
294,16962,8,18,2,28784,14,3,16,17476,8,34,4,257,0,8,1,45489,22,13,17,4112,2,0,16,21331,10,26,19,14649,7,9,25,2056,1,0,8,8481,4,9,1,8481,4,9,1,23130,11,18,26,21074,10,18,18,4369,2,8,17,10537,5,9,9,
295,2056,1,0,8,50115,24,30,3,28784,14,3,16,25443,12,27,3,34438,16,52,6,49858,24,22,2,3341,1,40,13,42919,20,61,7,16448,8,2,0,1028,0,32,4,1028,0,32,4,35466,17,20,10,51657,25,14,9,58853,28,47,5,9509,4,41,5,
296,16705,8,10,1,28784,14,3,16,15420,7,33,28,257,0,8,1,45489,22,13,17,4112,2,0,16,23387,11,26,27,14649,7,9,25,2056,1,0,8,8481,4,9,1,8481,4,9,1,23130,11,18,26,21074,10,18,18,2313,1,8,9,10537,5,9,9,
297,59624,29,7,8,58339,28,31,3,20560,10,2,16,25443,12,27,3,34438,16,52,6,49858,24,22,2,11565,5,41,13,42919,20,61,7,16448,8,2,0,1028,0,32,4,1028,0,32,4,35466,17,20,10,43433,21,13,9,58853,28,47,5,17733,8,42,5,
298,16705,8,10,1,28784,14,3,16,13364,6,33,20,257,0,8,1,45489,22,13,17,6168,3,0,24,23387,11,26,27,14649,7,9,25,2056,1,0,8,8481,4,9,1,8481,4,9,1,25186,12,19,2,21074,10,18,18,2313,1,8,9,10537,5,9,9,
299,59624,29,7,8,50115,24,30,3,11822,5,49,14,25443,12,27,3,34181,16,44,5,49858,24,22,2,3341,1,40,13,51143,24,62,7,16448,8,2,0,1028,0,32,4,1028,0,32,4,43690,21,21,10,51657,25,14,9,42148,20,37,4,17733,8,42,5,
300,16962,8,18,2,28784,14,3,16,5140,2,32,20,2313,1,8,9,45489,22,13,17,4112,2,0,16,25443,12,27,3,14649,7,9,25,0,0,0,0,8481,4,9,1,8224,4,1,0,25186,12,19,2,21074,10,18,18,257,0,8,1,10537,5,9,9,
301,2056,1,0,8,50115,24,30,3,3341,1,40,13,25443,12,27,3,34181,16,44,5,49858,24,22,2,3341,1,40,13,42919,20,61,7,8224,4,1,0,1028,0,32,4,58596,28,39,4,27242,13,19,10,43433,21,13,9,42148,20,37,4,17733,8,42,5,
302,16962,8,18,2,30840,15,3,24,2827,1,24,11,257,0,8,1,45489,22,13,17,4112,2,0,16,23130,11,18,26,14649,7,9,25,2056,1,0,8,8481,4,9,1,8481,4,9,1,25186,12,19,2,21074,10,18,18,257,0,8,1,10537,5,9,9,
303,2056,1,0,8,41891,20,29,3,60395,29,31,11,17219,8,26,3,34181,16,44,5,49601,24,14,1,60909,29,47,13,42919,20,61,7,8224,4,1,0,1028,0,32,4,1028,0,32,4,52171,25,30,11,51400,25,6,8,33924,16,36,4,17733,8,42,5,
304,16962,8,18,2,30840,15,3,24,1028,0,32,4,257,0,8,1,45489,22,13,17,4112,2,0,16,25443,12,27,3,14649,7,9,25,2056,1,0,8,8481,4,9,1,8481,4,9,1,25186,12,19,2,21074,10,18,18,257,0,8,1,10537,5,9,9,
305,2056,1,0,8,41891,20,29,3,3084,1,32,12,17219,8,26,3,42662,20,53,6,49601,24,14,1,3598,1,48,14,51143,24,62,7,8224,4,1,0,1028,0,32,4,1028,0,32,4,60395,29,31,11,43176,21,5,8,42148,20,37,4,17733,8,42,5,
306,16962,8,18,2,30840,15,3,24,771,0,24,3,257,0,8,1,45489,22,13,17,4112,2,0,16,23387,11,26,27,14649,7,9,25,2056,1,0,8,8481,4,9,1,8481,4,9,1,25186,12,19,2,21074,10,18,18,257,0,8,1,10537,5,9,9,
307,2056,1,0,8,41891,20,29,3,60395,29,31,11,25443,12,27,3,34181,16,44,5,49601,24,14,1,3598,1,48,14,42919,20,61,7,16448,8,2,0,1028,0,32,4,9252,4,33,4,60395,29,31,11,43176,21,5,8,42148,20,37,4,25957,12,43,5,
308,16962,8,18,2,32896,16,4,0,1028,0,32,4,257,0,8,1,47545,23,13,25,6168,3,0,24,23387,11,26,27,14649,7,9,25,2056,1,0,8,8224,4,1,0,8481,4,9,1,25443,12,27,3,21074,10,18,18,257,0,8,1,10537,5,9,9,
309,2056,1,0,8,41891,20,29,3,2827,1,24,11,25443,12,27,3,34438,16,52,6,49858,24,22,2,3341,1,40,13,42919,20,61,7,16448,8,2,0,58339,28,31,3,1028,0,32,4,2827,1,24,11,43176,21,5,8,42148,20,37,4,17733,8,42,5,
310,16962,8,18,2,30840,15,3,24,1028,0,32,4,257,0,8,1,45489,22,13,17,6168,3,0,24,21074,10,18,18,14649,7,9,25,2056,1,0,8,8224,4,1,0,8481,4,9,1,27499,13,27,11,21074,10,18,18,257,0,8,1,10537,5,9,9,
311,2056,1,0,8,33924,16,36,4,2827,1,24,11,25443,12,27,3,25957,12,43,5,49858,24,22,2,52428,25,38,12,43176,21,5,8,16705,8,10,1,58596,28,39,4,1028,0,32,4,11565,5,41,13,43433,21,13,9,42148,20,37,4,17733,8,42,5,
312,16705,8,10,1,30840,15,3,24,1028,0,32,4,257,0,8,1,45489,22,13,17,6168,3,0,24,23130,11,18,26,14649,7,9,25,2056,1,0,8,10280,5,1,8,8224,4,1,0,27499,13,27,11,21074,10,18,18,2313,1,8,9,12593,6,9,17,
313,59624,29,7,8,33924,16,36,4,2570,1,16,10,25186,12,19,2,34181,16,44,5,49858,24,22,2,60909,29,47,13,51143,24,62,7,16705,8,10,1,50372,24,38,4,58596,28,39,4,11565,5,41,13,51400,25,6,8,33924,16,36,4,17733,8,42,5,
314,16705,8,10,1,32896,16,4,0,771,0,24,3,257,0,8,1,45489,22,13,17,4112,2,0,16,23130,11,18,26,14649,7,9,25,2056,1,0,8,10280,5,1,8,8481,4,9,1,27499,13,27,11,21074,10,18,18,2313,1,8,9,10537,5,9,9,
315,59624,29,7,8,33924,16,36,4,60138,29,23,10,25443,12,27,3,34181,16,44,5,49858,24,22,2,60909,29,47,13,51143,24,62,7,16705,8,10,1,50372,24,38,4,1028,0,32,4,3084,1,32,12,51400,25,6,8,33924,16,36,4,9509,4,41,5,
316,16705,8,10,1,32896,16,4,0,1028,0,32,4,257,0,8,1,45489,22,13,17,6168,3,0,24,23130,11,18,26,14649,7,9,25,2056,1,0,8,10280,5,1,8,8481,4,9,1,29555,14,27,19,21074,10,18,18,2313,1,8,9,12593,6,9,17,
317,59624,29,7,8,42148,20,37,4,2827,1,24,11,25186,12,19,2,42405,20,45,5,49858,24,22,2,60909,29,47,13,51143,24,62,7,16705,8,10,1,50372,24,38,4,1028,0,32,4,11308,5,33,12,51657,25,14,9,33924,16,36,4,9766,4,49,6,
318,16962,8,18,2,32896,16,4,0,771,0,24,3,257,0,8,1,45489,22,13,17,6168,3,0,24,23130,11,18,26,14649,7,9,25,2056,1,0,8,8481,4,9,1,8224,4,1,0,31611,15,27,27,21074,10,18,18,2313,1,8,9,12593,6,9,17,
319,10280,5,1,8,50372,24,38,4,60395,29,31,11,25186,12,19,2,34438,16,52,6,49858,24,22,2,60652,29,39,12,51143,24,62,7,16705,8,10,1,1028,0,32,4,58339,28,31,3,19789,9,42,13,51400,25,6,8,33924,16,36,4,9509,4,41,5,
